-	t.	-	conjunction	-	-	-	-	abbr	-
-	A.A.A.	-	none	-	-	-	-	abbr	-
-	Dr.	-	none	-	-	-	-	abbr	-
-	Inc.	-	none	-	-	-	-	abbr|foreign	-
-	Joh.	-	none	-	-	-	-	abbr	-
-	Ltd.	-	none	-	-	-	-	abbr|foreign	-
-	Luuk.	-	none	-	-	-	-	abbr	-
-	Mark.	-	none	-	-	-	-	abbr	-
-	Matt.	-	none	-	-	-	-	abbr	-
-	Moos.	-	none	-	-	-	-	abbr	-
-	Mr.	-	none	-	-	-	-	abbr	-
-	Mrs.	-	none	-	-	-	-	abbr	-
-	Ms.	-	none	-	-	-	-	abbr	-
-	P.S.	-	none	-	-	-	-	abbr	-
-	R.S.V.P.	-	none	-	-	-	-	abbr	-
-	Room.	-	none	-	-	-	-	abbr	-
-	Sananl.	-	none	-	-	-	-	abbr	-
-	U.S.	-	none	-	-	-	-	abbr|foreign	-
-	al.	-	none	-	-	-	-	abbr|foreign	-
-	al.	-	none	-	-	-	-	abbr	-
-	alk.	-	none	-	-	-	-	abbr	-
-	alkup.	-	none	-	-	-	-	abbr	-
-	ao.	-	none	-	-	-	-	abbr	-
-	arab.	-	none	-	-	-	-	abbr	-
-	as.	-	none	-	-	-	-	abbr	-
-	biol.	-	none	-	-	-	-	abbr	-
-	d.o.o.	-	none	-	-	-	-	abbr|foreign	-
-	e.g.	-	none	-	-	-	-	abbr|foreign	-
-	eKr.	-	none	-	-	-	-	abbr	-
-	eaa.	-	none	-	-	-	-	abbr	-
-	ed.	-	none	-	-	-	-	abbr	-
-	em.	-	none	-	-	-	-	abbr	-
-	engl.	-	none	-	-	-	-	abbr	-
-	ent.	-	none	-	-	-	-	abbr	-
-	esim.	-	none	-	-	-	-	abbr	-
-	esp.	-	none	-	-	-	-	abbr	-
-	etc.	-	none	-	-	-	-	abbr|foreign	-
-	evp	-	none	-	-	-	-	abbr	-
-	evp.	-	none	-	-	-	-	abbr	-
-	feat.	-	none	-	-	-	-	abbr	-
-	harv.	-	none	-	-	-	-	abbr	-
-	hepr.	-	none	-	-	-	-	abbr	-
-	hist.	-	none	-	-	-	-	abbr	-
-	hl.	-	none	-	-	-	-	abbr|foreign	-
-	huom.	-	none	-	-	-	-	abbr	-
-	ital.	-	none	-	-	-	-	abbr	-
-	jKr.	-	none	-	-	-	-	abbr	-
-	jaa.	-	none	-	-	-	-	abbr	-
-	jap.	-	none	-	-	-	-	abbr	-
-	jne.	-	none	-	-	-	-	abbr	-
-	joht.	-	none	-	-	-	-	abbr	-
-	k.	-	none	-	-	-	-	abbr	-
-	kd	-	none	-	-	-	-	abbr	-
-	ke	-	none	-	-	-	-	abbr	-
-	kesk	-	none	-	-	-	-	abbr	-
-	kesk.	-	none	-	-	-	-	abbr	-
-	kft.	-	none	-	-	-	-	abbr	-
-	kiin.	-	none	-	-	-	-	abbr	-
-	kirj.	-	none	-	-	-	-	abbr	-
-	kk	-	none	-	-	-	-	abbr	-
-	klo	-	none	-	-	-	-	abbr	-
-	ko.	-	none	-	-	-	-	abbr	-
-	kok	-	none	-	-	-	-	abbr	-
-	kpl	-	none	-	-	-	-	abbr	-
-	kreik.	-	none	-	-	-	-	abbr	-
-	kreikk.	-	none	-	-	-	-	abbr	-
-	ks.	-	none	-	-	-	-	abbr	-
-	kts.	-	none	-	-	-	-	abbr	-
-	la	-	none	-	-	-	-	abbr	-
-	lat.	-	none	-	-	-	-	abbr	-
-	lääk.	-	none	-	-	-	-	abbr	-
-	m.	-	none	-	-	-	-	abbr	-
-	ma	-	none	-	-	-	-	abbr	-
-	mat.	-	none	-	-	-	-	abbr	-
-	milj.	-	none	-	-	-	-	abbr	-
-	ml.	-	none	-	-	-	-	abbr	-
-	mm.	-	none	-	-	-	-	abbr	-
-	mon.	-	none	-	-	-	-	abbr	-
-	mrd	-	none	-	-	-	-	abbr	-
-	mrd.	-	none	-	-	-	-	abbr	-
-	n.	-	none	-	-	-	-	abbr	-
-	n/a	-	none	-	-	-	-	abbr	-
-	nk.	-	none	-	-	-	-	abbr	-
-	nro	-	none	-	-	-	-	abbr	-
-	ns.	-	none	-	-	-	-	abbr	-
-	nyk.	-	none	-	-	-	-	abbr	-
-	o.s.	-	none	-	-	-	-	abbr	-
-	oik.	-	none	-	-	-	-	abbr	-
-	os.	-	none	-	-	-	-	abbr	-
-	p.	-	none	-	-	-	-	abbr	-
-	paal.	-	none	-	-	-	-	abbr	-
-	pe	-	none	-	-	-	-	abbr	-
-	pp.	-	none	-	-	-	-	abbr	-
-	ps.	-	none	-	-	-	-	abbr	-
-	pvm	-	none	-	-	-	-	abbr	-
-	päätoim.	-	none	-	-	-	-	abbr	-
-	ransk.	-	none	-	-	-	-	abbr	-
-	room.	-	none	-	-	-	-	abbr	-
-	ruots.	-	none	-	-	-	-	abbr	-
-	s.	-	none	-	-	-	-	abbr	-
-	saks.	-	none	-	-	-	-	abbr	-
-	san.	-	none	-	-	-	-	abbr	-
-	sd	-	none	-	-	-	-	abbr	-
-	sin	-	none	-	-	-	-	abbr	-
-	so.	-	none	-	-	-	-	abbr	-
-	sov.	-	none	-	-	-	-	abbr	-
-	su	-	none	-	-	-	-	abbr	-
-	suom.	-	none	-	-	-	-	abbr	-
-	säv.	-	none	-	-	-	-	abbr	-
-	terv.	-	none	-	-	-	-	abbr	-
-	ti	-	none	-	-	-	-	abbr	-
-	tms.	-	none	-	-	-	-	abbr	-
-	to	-	none	-	-	-	-	abbr	-
-	toim.	-	none	-	-	-	-	abbr	-
-	torj.	-	none	-	-	-	-	abbr	-
-	trad.	-	none	-	-	-	-	abbr	-
-	ts.	-	none	-	-	-	-	abbr	-
-	v.	-	none	-	-	-	-	abbr	-
-	vas	-	none	-	-	-	-	abbr	-
-	vas.	-	none	-	-	-	-	abbr	-
-	ven.	-	none	-	-	-	-	abbr	-
-	vietn.	-	none	-	-	-	-	abbr	-
-	vihr.	-	none	-	-	-	-	abbr	-
-	vko	-	none	-	-	-	-	abbr	-
-	vol.	-	none	-	-	-	-	abbr	-
-	vrt.	-	none	-	-	-	-	abbr	-
-	vs.	-	none	-	-	-	-	abbr	-
-	vt.	-	none	-	-	-	-	abbr	-
-	yks.	-	none	-	-	-	-	abbr	-
-	ym.	-	none	-	-	-	-	abbr	-
-	yms.	-	none	-	-	-	-	abbr	-
-	yo.	-	none	-	-	-	-	abbr	-
-	yst.	-	none	-	-	-	-	abbr	-
-	yst.terv.	-	none	-	-	-	-	abbr	-
-	ADHD	-	noun	18B	-	-	e	abbr	-
-	BKT	-	noun	18B	-	front|back	e	abbr	-
-	CV	-	noun	18B	-	-	e	abbr	-
-	Co.	-	noun	XX	-	-	-	abbr	-
-	DI	-	noun	18B	-	-	i	abbr	-
-	DNA	-	noun	18B	-	-	a	abbr	-
-	FM	-	noun	10B	-	-	-	abbr	-
-	FT	-	noun	18B	-	-	e	abbr	-
-	HuK	-	noun	18B	-	-	o	abbr	-
-	LuK	-	noun	18B	-	-	-	abbr	-
-	TV	-	noun	18B	-	-	e	abbr	-
-	Tl.	-	noun	XX	-	-	-	abbr|dated	-
-	ab	-	noun	18B	-	-	e	abbr	-
-	bkt	-	noun	18B	-	front|back	e	abbr	-
-	btm	-	noun	5	-	-	-	abbr	-
-	ky	-	noun	18B	-	-	y	abbr	-
-	lng	-	noun	18B	-	-	e	abbr	-
-	oy	-	noun	18B	-	front	y	abbr	-
-	oyj	-	noun	18B	-	-	i	abbr	-
-	pj.	-	noun	XX	-	-	-	abbr	-
-	pj.	-	noun	!	-	-	-	abbr	-
-	ry	-	noun	18B	-	-	y	abbr	-
-	tj.	-	noun	XX	-	-	-	abbr	-
-	tj.	-	noun	!	-	-	-	abbr	-
-	tri	-	noun	18	-	-	-	abbr	-
-	tv	-	noun	18B	-	-	e	abbr	-
