-	ABW	-	none	-	-	-	-	symbol	-
-	AD	-	none	-	-	-	-	symbol	-
-	AE	-	none	-	-	-	-	symbol	-
-	AF	-	none	-	-	-	-	symbol	-
-	AFG	-	none	-	-	-	-	symbol	-
-	AG	-	none	-	-	-	-	symbol	-
-	AGO	-	none	-	-	-	-	symbol	-
-	AI	-	none	-	-	-	-	symbol	-
-	AIA	-	none	-	-	-	-	symbol	-
-	AL	-	none	-	-	-	-	symbol	-
-	ALA	-	none	-	-	-	-	symbol	-
-	ALB	-	none	-	-	-	-	symbol	-
-	AM	-	none	-	-	-	-	symbol	-
-	AND	-	none	-	-	-	-	symbol	-
-	AO	-	none	-	-	-	-	symbol	-
-	AQ	-	none	-	-	-	-	symbol	-
-	AR	-	none	-	-	-	-	symbol	-
-	ARE	-	none	-	-	-	-	symbol	-
-	ARG	-	none	-	-	-	-	symbol	-
-	ARM	-	none	-	-	-	-	symbol	-
-	AS	-	none	-	-	-	-	symbol	-
-	ASM	-	none	-	-	-	-	symbol	-
-	AT	-	none	-	-	-	-	symbol	-
-	ATA	-	none	-	-	-	-	symbol	-
-	ATF	-	none	-	-	-	-	symbol	-
-	ATG	-	none	-	-	-	-	symbol	-
-	AU	-	none	-	-	-	-	symbol	-
-	AUS	-	none	-	-	-	-	symbol	-
-	AUT	-	none	-	-	-	-	symbol	-
-	AW	-	none	-	-	-	-	symbol	-
-	AX	-	none	-	-	-	-	symbol	-
-	AZ	-	none	-	-	-	-	symbol	-
-	AZE	-	none	-	-	-	-	symbol	-
-	BA	-	none	-	-	-	-	symbol	-
-	BB	-	none	-	-	-	-	symbol	-
-	BD	-	none	-	-	-	-	symbol	-
-	BDI	-	none	-	-	-	-	symbol	-
-	BE	-	none	-	-	-	-	symbol	-
-	BEL	-	none	-	-	-	-	symbol	-
-	BEN	-	none	-	-	-	-	symbol	-
-	BES	-	none	-	-	-	-	symbol	-
-	BF	-	none	-	-	-	-	symbol	-
-	BFA	-	none	-	-	-	-	symbol	-
-	BG	-	none	-	-	-	-	symbol	-
-	BGD	-	none	-	-	-	-	symbol	-
-	BGR	-	none	-	-	-	-	symbol	-
-	BH	-	none	-	-	-	-	symbol	-
-	BHR	-	none	-	-	-	-	symbol	-
-	BHS	-	none	-	-	-	-	symbol	-
-	BI	-	none	-	-	-	-	symbol	-
-	BIH	-	none	-	-	-	-	symbol	-
-	BJ	-	none	-	-	-	-	symbol	-
-	BL	-	none	-	-	-	-	symbol	-
-	BLM	-	none	-	-	-	-	symbol	-
-	BLR	-	none	-	-	-	-	symbol	-
-	BLZ	-	none	-	-	-	-	symbol	-
-	BM	-	none	-	-	-	-	symbol	-
-	BMU	-	none	-	-	-	-	symbol	-
-	BN	-	none	-	-	-	-	symbol	-
-	BO	-	none	-	-	-	-	symbol	-
-	BOL	-	none	-	-	-	-	symbol	-
-	BQ	-	none	-	-	-	-	symbol	-
-	BR	-	none	-	-	-	-	symbol	-
-	BRA	-	none	-	-	-	-	symbol	-
-	BRB	-	none	-	-	-	-	symbol	-
-	BRN	-	none	-	-	-	-	symbol	-
-	BS	-	none	-	-	-	-	symbol	-
-	BT	-	none	-	-	-	-	symbol	-
-	BTN	-	none	-	-	-	-	symbol	-
-	BV	-	none	-	-	-	-	symbol	-
-	BVT	-	none	-	-	-	-	symbol	-
-	BW	-	none	-	-	-	-	symbol	-
-	BWA	-	none	-	-	-	-	symbol	-
-	BY	-	none	-	-	-	-	symbol	-
-	BZ	-	none	-	-	-	-	symbol	-
-	CA	-	none	-	-	-	-	symbol	-
-	CAF	-	none	-	-	-	-	symbol	-
-	CAN	-	none	-	-	-	-	symbol	-
-	CC	-	none	-	-	-	-	symbol	-
-	CCK	-	none	-	-	-	-	symbol	-
-	CD	-	none	-	-	-	-	symbol	-
-	CF	-	none	-	-	-	-	symbol	-
-	CG	-	none	-	-	-	-	symbol	-
-	CH	-	none	-	-	-	-	symbol	-
-	CHE	-	none	-	-	-	-	symbol	-
-	CHL	-	none	-	-	-	-	symbol	-
-	CHN	-	none	-	-	-	-	symbol	-
-	CI	-	none	-	-	-	-	symbol	-
-	CIV	-	none	-	-	-	-	symbol	-
-	CK	-	none	-	-	-	-	symbol	-
-	CL	-	none	-	-	-	-	symbol	-
-	CM	-	none	-	-	-	-	symbol	-
-	CMR	-	none	-	-	-	-	symbol	-
-	CN	-	none	-	-	-	-	symbol	-
-	CO	-	none	-	-	-	-	symbol	-
-	COD	-	none	-	-	-	-	symbol	-
-	COG	-	none	-	-	-	-	symbol	-
-	COK	-	none	-	-	-	-	symbol	-
-	COL	-	none	-	-	-	-	symbol	-
-	COM	-	none	-	-	-	-	symbol	-
-	CPV	-	none	-	-	-	-	symbol	-
-	CR	-	none	-	-	-	-	symbol	-
-	CRI	-	none	-	-	-	-	symbol	-
-	CU	-	none	-	-	-	-	symbol	-
-	CUB	-	none	-	-	-	-	symbol	-
-	CUW	-	none	-	-	-	-	symbol	-
-	CV	-	none	-	-	-	-	symbol	-
-	CW	-	none	-	-	-	-	symbol	-
-	CX	-	none	-	-	-	-	symbol	-
-	CXR	-	none	-	-	-	-	symbol	-
-	CY	-	none	-	-	-	-	symbol	-
-	CYM	-	none	-	-	-	-	symbol	-
-	CYP	-	none	-	-	-	-	symbol	-
-	CZ	-	none	-	-	-	-	symbol	-
-	CZE	-	none	-	-	-	-	symbol	-
-	DE	-	none	-	-	-	-	symbol	-
-	DEU	-	none	-	-	-	-	symbol	-
-	DJ	-	none	-	-	-	-	symbol	-
-	DJI	-	none	-	-	-	-	symbol	-
-	DK	-	none	-	-	-	-	symbol	-
-	DM	-	none	-	-	-	-	symbol	-
-	DMA	-	none	-	-	-	-	symbol	-
-	DNK	-	none	-	-	-	-	symbol	-
-	DO	-	none	-	-	-	-	symbol	-
-	DOM	-	none	-	-	-	-	symbol	-
-	DZ	-	none	-	-	-	-	symbol	-
-	DZA	-	none	-	-	-	-	symbol	-
-	EC	-	none	-	-	-	-	symbol	-
-	ECU	-	none	-	-	-	-	symbol	-
-	EE	-	none	-	-	-	-	symbol	-
-	EG	-	none	-	-	-	-	symbol	-
-	EGY	-	none	-	-	-	-	symbol	-
-	EH	-	none	-	-	-	-	symbol	-
-	ER	-	none	-	-	-	-	symbol	-
-	ERI	-	none	-	-	-	-	symbol	-
-	ES	-	none	-	-	-	-	symbol	-
-	ESH	-	none	-	-	-	-	symbol	-
-	ESP	-	none	-	-	-	-	symbol	-
-	EST	-	none	-	-	-	-	symbol	-
-	ET	-	none	-	-	-	-	symbol	-
-	ETH	-	none	-	-	-	-	symbol	-
-	FI	-	none	-	-	-	-	symbol	-
-	FIN	-	none	-	-	-	-	symbol	-
-	FJ	-	none	-	-	-	-	symbol	-
-	FJI	-	none	-	-	-	-	symbol	-
-	FK	-	none	-	-	-	-	symbol	-
-	FLK	-	none	-	-	-	-	symbol	-
-	FM	-	none	-	-	-	-	symbol	-
-	FO	-	none	-	-	-	-	symbol	-
-	FR	-	none	-	-	-	-	symbol	-
-	FRA	-	none	-	-	-	-	symbol	-
-	FRO	-	none	-	-	-	-	symbol	-
-	FSM	-	none	-	-	-	-	symbol	-
-	GA	-	none	-	-	-	-	symbol	-
-	GAB	-	none	-	-	-	-	symbol	-
-	GB	-	none	-	-	-	-	symbol	-
-	GBR	-	none	-	-	-	-	symbol	-
-	GD	-	none	-	-	-	-	symbol	-
-	GE	-	none	-	-	-	-	symbol	-
-	GEO	-	none	-	-	-	-	symbol	-
-	GF	-	none	-	-	-	-	symbol	-
-	GG	-	none	-	-	-	-	symbol	-
-	GGY	-	none	-	-	-	-	symbol	-
-	GH	-	none	-	-	-	-	symbol	-
-	GHA	-	none	-	-	-	-	symbol	-
-	GI	-	none	-	-	-	-	symbol	-
-	GIB	-	none	-	-	-	-	symbol	-
-	GIN	-	none	-	-	-	-	symbol	-
-	GL	-	none	-	-	-	-	symbol	-
-	GLP	-	none	-	-	-	-	symbol	-
-	GM	-	none	-	-	-	-	symbol	-
-	GMB	-	none	-	-	-	-	symbol	-
-	GN	-	none	-	-	-	-	symbol	-
-	GNB	-	none	-	-	-	-	symbol	-
-	GNQ	-	none	-	-	-	-	symbol	-
-	GP	-	none	-	-	-	-	symbol	-
-	GQ	-	none	-	-	-	-	symbol	-
-	GR	-	none	-	-	-	-	symbol	-
-	GRC	-	none	-	-	-	-	symbol	-
-	GRD	-	none	-	-	-	-	symbol	-
-	GRL	-	none	-	-	-	-	symbol	-
-	GS	-	none	-	-	-	-	symbol	-
-	GT	-	none	-	-	-	-	symbol	-
-	GTM	-	none	-	-	-	-	symbol	-
-	GU	-	none	-	-	-	-	symbol	-
-	GUF	-	none	-	-	-	-	symbol	-
-	GUM	-	none	-	-	-	-	symbol	-
-	GUY	-	none	-	-	-	-	symbol	-
-	GW	-	none	-	-	-	-	symbol	-
-	GY	-	none	-	-	-	-	symbol	-
-	HK	-	none	-	-	-	-	symbol	-
-	HKG	-	none	-	-	-	-	symbol	-
-	HM	-	none	-	-	-	-	symbol	-
-	HMD	-	none	-	-	-	-	symbol	-
-	HN	-	none	-	-	-	-	symbol	-
-	HND	-	none	-	-	-	-	symbol	-
-	HR	-	none	-	-	-	-	symbol	-
-	HRV	-	none	-	-	-	-	symbol	-
-	HT	-	none	-	-	-	-	symbol	-
-	HTI	-	none	-	-	-	-	symbol	-
-	HU	-	none	-	-	-	-	symbol	-
-	HUN	-	none	-	-	-	-	symbol	-
-	ID	-	none	-	-	-	-	symbol	-
-	IDN	-	none	-	-	-	-	symbol	-
-	IE	-	none	-	-	-	-	symbol	-
-	IL	-	none	-	-	-	-	symbol	-
-	IM	-	none	-	-	-	-	symbol	-
-	IMN	-	none	-	-	-	-	symbol	-
-	IN	-	none	-	-	-	-	symbol	-
-	IND	-	none	-	-	-	-	symbol	-
-	IO	-	none	-	-	-	-	symbol	-
-	IOT	-	none	-	-	-	-	symbol	-
-	IQ	-	none	-	-	-	-	symbol	-
-	IR	-	none	-	-	-	-	symbol	-
-	IRL	-	none	-	-	-	-	symbol	-
-	IRN	-	none	-	-	-	-	symbol	-
-	IRQ	-	none	-	-	-	-	symbol	-
-	IS	-	none	-	-	-	-	symbol	-
-	ISL	-	none	-	-	-	-	symbol	-
-	ISR	-	none	-	-	-	-	symbol	-
-	IT	-	none	-	-	-	-	symbol	-
-	ITA	-	none	-	-	-	-	symbol	-
-	JAM	-	none	-	-	-	-	symbol	-
-	JE	-	none	-	-	-	-	symbol	-
-	JEY	-	none	-	-	-	-	symbol	-
-	JM	-	none	-	-	-	-	symbol	-
-	JO	-	none	-	-	-	-	symbol	-
-	JOR	-	none	-	-	-	-	symbol	-
-	JP	-	none	-	-	-	-	symbol	-
-	JPN	-	none	-	-	-	-	symbol	-
-	KAZ	-	none	-	-	-	-	symbol	-
-	KE	-	none	-	-	-	-	symbol	-
-	KEN	-	none	-	-	-	-	symbol	-
-	KG	-	none	-	-	-	-	symbol	-
-	KGZ	-	none	-	-	-	-	symbol	-
-	KH	-	none	-	-	-	-	symbol	-
-	KHM	-	none	-	-	-	-	symbol	-
-	KI	-	none	-	-	-	-	symbol	-
-	KIR	-	none	-	-	-	-	symbol	-
-	KM	-	none	-	-	-	-	symbol	-
-	KN	-	none	-	-	-	-	symbol	-
-	KNA	-	none	-	-	-	-	symbol	-
-	KOR	-	none	-	-	-	-	symbol	-
-	KP	-	none	-	-	-	-	symbol	-
-	KR	-	none	-	-	-	-	symbol	-
-	KW	-	none	-	-	-	-	symbol	-
-	KWT	-	none	-	-	-	-	symbol	-
-	KY	-	none	-	-	-	-	symbol	-
-	KZ	-	none	-	-	-	-	symbol	-
-	LA	-	none	-	-	-	-	symbol	-
-	LAO	-	none	-	-	-	-	symbol	-
-	LB	-	none	-	-	-	-	symbol	-
-	LBN	-	none	-	-	-	-	symbol	-
-	LBR	-	none	-	-	-	-	symbol	-
-	LBY	-	none	-	-	-	-	symbol	-
-	LC	-	none	-	-	-	-	symbol	-
-	LCA	-	none	-	-	-	-	symbol	-
-	LI	-	none	-	-	-	-	symbol	-
-	LIE	-	none	-	-	-	-	symbol	-
-	LK	-	none	-	-	-	-	symbol	-
-	LKA	-	none	-	-	-	-	symbol	-
-	LR	-	none	-	-	-	-	symbol	-
-	LS	-	none	-	-	-	-	symbol	-
-	LSO	-	none	-	-	-	-	symbol	-
-	LT	-	none	-	-	-	-	symbol	-
-	LTU	-	none	-	-	-	-	symbol	-
-	LU	-	none	-	-	-	-	symbol	-
-	LUX	-	none	-	-	-	-	symbol	-
-	LV	-	none	-	-	-	-	symbol	-
-	LVA	-	none	-	-	-	-	symbol	-
-	LY	-	none	-	-	-	-	symbol	-
-	MA	-	none	-	-	-	-	symbol	-
-	MAC	-	none	-	-	-	-	symbol	-
-	MAF	-	none	-	-	-	-	symbol	-
-	MAR	-	none	-	-	-	-	symbol	-
-	MC	-	none	-	-	-	-	symbol	-
-	MCO	-	none	-	-	-	-	symbol	-
-	MD	-	none	-	-	-	-	symbol	-
-	MDA	-	none	-	-	-	-	symbol	-
-	MDG	-	none	-	-	-	-	symbol	-
-	MDV	-	none	-	-	-	-	symbol	-
-	ME	-	none	-	-	-	-	symbol	-
-	MEX	-	none	-	-	-	-	symbol	-
-	MF	-	none	-	-	-	-	symbol	-
-	MG	-	none	-	-	-	-	symbol	-
-	MH	-	none	-	-	-	-	symbol	-
-	MHL	-	none	-	-	-	-	symbol	-
-	MK	-	none	-	-	-	-	symbol	-
-	MKD	-	none	-	-	-	-	symbol	-
-	ML	-	none	-	-	-	-	symbol	-
-	MLI	-	none	-	-	-	-	symbol	-
-	MLT	-	none	-	-	-	-	symbol	-
-	MM	-	none	-	-	-	-	symbol	-
-	MMR	-	none	-	-	-	-	symbol	-
-	MN	-	none	-	-	-	-	symbol	-
-	MNE	-	none	-	-	-	-	symbol	-
-	MNG	-	none	-	-	-	-	symbol	-
-	MNP	-	none	-	-	-	-	symbol	-
-	MO	-	none	-	-	-	-	symbol	-
-	MOZ	-	none	-	-	-	-	symbol	-
-	MP	-	none	-	-	-	-	symbol	-
-	MQ	-	none	-	-	-	-	symbol	-
-	MR	-	none	-	-	-	-	symbol	-
-	MRT	-	none	-	-	-	-	symbol	-
-	MS	-	none	-	-	-	-	symbol	-
-	MSR	-	none	-	-	-	-	symbol	-
-	MT	-	none	-	-	-	-	symbol	-
-	MTQ	-	none	-	-	-	-	symbol	-
-	MU	-	none	-	-	-	-	symbol	-
-	MUS	-	none	-	-	-	-	symbol	-
-	MV	-	none	-	-	-	-	symbol	-
-	MW	-	none	-	-	-	-	symbol	-
-	MWI	-	none	-	-	-	-	symbol	-
-	MX	-	none	-	-	-	-	symbol	-
-	MY	-	none	-	-	-	-	symbol	-
-	MYS	-	none	-	-	-	-	symbol	-
-	MYT	-	none	-	-	-	-	symbol	-
-	MZ	-	none	-	-	-	-	symbol	-
-	NA	-	none	-	-	-	-	symbol	-
-	NAM	-	none	-	-	-	-	symbol	-
-	NC	-	none	-	-	-	-	symbol	-
-	NCL	-	none	-	-	-	-	symbol	-
-	NE	-	none	-	-	-	-	symbol	-
-	NER	-	none	-	-	-	-	symbol	-
-	NF	-	none	-	-	-	-	symbol	-
-	NFK	-	none	-	-	-	-	symbol	-
-	NG	-	none	-	-	-	-	symbol	-
-	NGA	-	none	-	-	-	-	symbol	-
-	NI	-	none	-	-	-	-	symbol	-
-	NIC	-	none	-	-	-	-	symbol	-
-	NIU	-	none	-	-	-	-	symbol	-
-	NL	-	none	-	-	-	-	symbol	-
-	NLD	-	none	-	-	-	-	symbol	-
-	NO	-	none	-	-	-	-	symbol	-
-	NOR	-	none	-	-	-	-	symbol	-
-	NP	-	none	-	-	-	-	symbol	-
-	NPL	-	none	-	-	-	-	symbol	-
-	NR	-	none	-	-	-	-	symbol	-
-	NRU	-	none	-	-	-	-	symbol	-
-	NU	-	none	-	-	-	-	symbol	-
-	NZ	-	none	-	-	-	-	symbol	-
-	NZL	-	none	-	-	-	-	symbol	-
-	OM	-	none	-	-	-	-	symbol	-
-	OMN	-	none	-	-	-	-	symbol	-
-	PA	-	none	-	-	-	-	symbol	-
-	PAK	-	none	-	-	-	-	symbol	-
-	PAN	-	none	-	-	-	-	symbol	-
-	PCN	-	none	-	-	-	-	symbol	-
-	PE	-	none	-	-	-	-	symbol	-
-	PER	-	none	-	-	-	-	symbol	-
-	PF	-	none	-	-	-	-	symbol	-
-	PG	-	none	-	-	-	-	symbol	-
-	PH	-	none	-	-	-	-	symbol	-
-	PHL	-	none	-	-	-	-	symbol	-
-	PK	-	none	-	-	-	-	symbol	-
-	PL	-	none	-	-	-	-	symbol	-
-	PLW	-	none	-	-	-	-	symbol	-
-	PM	-	none	-	-	-	-	symbol	-
-	PN	-	none	-	-	-	-	symbol	-
-	PNG	-	none	-	-	-	-	symbol	-
-	POL	-	none	-	-	-	-	symbol	-
-	PR	-	none	-	-	-	-	symbol	-
-	PRI	-	none	-	-	-	-	symbol	-
-	PRK	-	none	-	-	-	-	symbol	-
-	PRT	-	none	-	-	-	-	symbol	-
-	PRY	-	none	-	-	-	-	symbol	-
-	PS	-	none	-	-	-	-	symbol	-
-	PSE	-	none	-	-	-	-	symbol	-
-	PT	-	none	-	-	-	-	symbol	-
-	PW	-	none	-	-	-	-	symbol	-
-	PY	-	none	-	-	-	-	symbol	-
-	PYF	-	none	-	-	-	-	symbol	-
-	QA	-	none	-	-	-	-	symbol	-
-	QAT	-	none	-	-	-	-	symbol	-
-	RE	-	none	-	-	-	-	symbol	-
-	REU	-	none	-	-	-	-	symbol	-
-	RO	-	none	-	-	-	-	symbol	-
-	ROU	-	none	-	-	-	-	symbol	-
-	RS	-	none	-	-	-	-	symbol	-
-	RU	-	none	-	-	-	-	symbol	-
-	RUS	-	none	-	-	-	-	symbol	-
-	RW	-	none	-	-	-	-	symbol	-
-	RWA	-	none	-	-	-	-	symbol	-
-	SA	-	none	-	-	-	-	symbol	-
-	SAU	-	none	-	-	-	-	symbol	-
-	SB	-	none	-	-	-	-	symbol	-
-	SC	-	none	-	-	-	-	symbol	-
-	SD	-	none	-	-	-	-	symbol	-
-	SDN	-	none	-	-	-	-	symbol	-
-	SE	-	none	-	-	-	-	symbol	-
-	SEN	-	none	-	-	-	-	symbol	-
-	SG	-	none	-	-	-	-	symbol	-
-	SGP	-	none	-	-	-	-	symbol	-
-	SGS	-	none	-	-	-	-	symbol	-
-	SH	-	none	-	-	-	-	symbol	-
-	SHN	-	none	-	-	-	-	symbol	-
-	SI	-	none	-	-	-	-	symbol	-
-	SJ	-	none	-	-	-	-	symbol	-
-	SJM	-	none	-	-	-	-	symbol	-
-	SK	-	none	-	-	-	-	symbol	-
-	SL	-	none	-	-	-	-	symbol	-
-	SLB	-	none	-	-	-	-	symbol	-
-	SLE	-	none	-	-	-	-	symbol	-
-	SLV	-	none	-	-	-	-	symbol	-
-	SM	-	none	-	-	-	-	symbol	-
-	SMR	-	none	-	-	-	-	symbol	-
-	SN	-	none	-	-	-	-	symbol	-
-	SO	-	none	-	-	-	-	symbol	-
-	SOM	-	none	-	-	-	-	symbol	-
-	SPM	-	none	-	-	-	-	symbol	-
-	SR	-	none	-	-	-	-	symbol	-
-	SRB	-	none	-	-	-	-	symbol	-
-	SS	-	none	-	-	-	-	symbol	-
-	SSD	-	none	-	-	-	-	symbol	-
-	ST	-	none	-	-	-	-	symbol	-
-	STP	-	none	-	-	-	-	symbol	-
-	SUR	-	none	-	-	-	-	symbol	-
-	SV	-	none	-	-	-	-	symbol	-
-	SVK	-	none	-	-	-	-	symbol	-
-	SVN	-	none	-	-	-	-	symbol	-
-	SWE	-	none	-	-	-	-	symbol	-
-	SWZ	-	none	-	-	-	-	symbol	-
-	SX	-	none	-	-	-	-	symbol	-
-	SXM	-	none	-	-	-	-	symbol	-
-	SY	-	none	-	-	-	-	symbol	-
-	SYC	-	none	-	-	-	-	symbol	-
-	SYR	-	none	-	-	-	-	symbol	-
-	SZ	-	none	-	-	-	-	symbol	-
-	TC	-	none	-	-	-	-	symbol	-
-	TCA	-	none	-	-	-	-	symbol	-
-	TCD	-	none	-	-	-	-	symbol	-
-	TD	-	none	-	-	-	-	symbol	-
-	TF	-	none	-	-	-	-	symbol	-
-	TG	-	none	-	-	-	-	symbol	-
-	TGO	-	none	-	-	-	-	symbol	-
-	TH	-	none	-	-	-	-	symbol	-
-	THA	-	none	-	-	-	-	symbol	-
-	TJ	-	none	-	-	-	-	symbol	-
-	TJK	-	none	-	-	-	-	symbol	-
-	TK	-	none	-	-	-	-	symbol	-
-	TKL	-	none	-	-	-	-	symbol	-
-	TKM	-	none	-	-	-	-	symbol	-
-	TL	-	none	-	-	-	-	symbol	-
-	TLS	-	none	-	-	-	-	symbol	-
-	TM	-	none	-	-	-	-	symbol	-
-	TN	-	none	-	-	-	-	symbol	-
-	TO	-	none	-	-	-	-	symbol	-
-	TON	-	none	-	-	-	-	symbol	-
-	TR	-	none	-	-	-	-	symbol	-
-	TT	-	none	-	-	-	-	symbol	-
-	TTO	-	none	-	-	-	-	symbol	-
-	TUN	-	none	-	-	-	-	symbol	-
-	TUR	-	none	-	-	-	-	symbol	-
-	TUV	-	none	-	-	-	-	symbol	-
-	TV	-	none	-	-	-	-	symbol	-
-	TW	-	none	-	-	-	-	symbol	-
-	TWN	-	none	-	-	-	-	symbol	-
-	TZ	-	none	-	-	-	-	symbol	-
-	TZA	-	none	-	-	-	-	symbol	-
-	UA	-	none	-	-	-	-	symbol	-
-	UG	-	none	-	-	-	-	symbol	-
-	UGA	-	none	-	-	-	-	symbol	-
-	UKR	-	none	-	-	-	-	symbol	-
-	UM	-	none	-	-	-	-	symbol	-
-	UMI	-	none	-	-	-	-	symbol	-
-	URY	-	none	-	-	-	-	symbol	-
-	US	-	none	-	-	-	-	symbol	-
-	USA	-	none	-	-	-	-	symbol	-
-	UY	-	none	-	-	-	-	symbol	-
-	UZ	-	none	-	-	-	-	symbol	-
-	UZB	-	none	-	-	-	-	symbol	-
-	VA	-	none	-	-	-	-	symbol	-
-	VAT	-	none	-	-	-	-	symbol	-
-	VC	-	none	-	-	-	-	symbol	-
-	VCT	-	none	-	-	-	-	symbol	-
-	VE	-	none	-	-	-	-	symbol	-
-	VEN	-	none	-	-	-	-	symbol	-
-	VG	-	none	-	-	-	-	symbol	-
-	VGB	-	none	-	-	-	-	symbol	-
-	VI	-	none	-	-	-	-	symbol	-
-	VIR	-	none	-	-	-	-	symbol	-
-	VN	-	none	-	-	-	-	symbol	-
-	VNM	-	none	-	-	-	-	symbol	-
-	VU	-	none	-	-	-	-	symbol	-
-	VUT	-	none	-	-	-	-	symbol	-
-	WF	-	none	-	-	-	-	symbol	-
-	WLF	-	none	-	-	-	-	symbol	-
-	WS	-	none	-	-	-	-	symbol	-
-	WSM	-	none	-	-	-	-	symbol	-
-	YE	-	none	-	-	-	-	symbol	-
-	YEM	-	none	-	-	-	-	symbol	-
-	YT	-	none	-	-	-	-	symbol	-
-	ZA	-	none	-	-	-	-	symbol	-
-	ZAF	-	none	-	-	-	-	symbol	-
-	ZM	-	none	-	-	-	-	symbol	-
-	ZMB	-	none	-	-	-	-	symbol	-
-	ZW	-	none	-	-	-	-	symbol	-
-	ZWE	-	none	-	-	-	-	symbol	-
