-	Bros.	-	none	!	-	-	-	foreign	-
-	Dr	-	none	-	-	-	-	foreign	-
-	Dr.	-	none	-	-	-	-	foreign	-
-	Lil	-	none	-	-	-	-	foreign	-
-	Mt.	-	none	-	-	-	-	foreign	-
-	Sant	-	none	-	-	-	-	foreign	-
-	Santa	-	none	-	-	-	-	foreign	-
-	Santo	-	none	-	-	-	-	foreign	-
-	St	-	none	-	-	-	-	foreign	-
-	St.	-	none	-	-	-	-	foreign	-
-	São	-	none	-	-	-	-	foreign	-
-	a	-	none	-	-	-	-	foreign	-
-	af	-	none	-	-	-	-	foreign	-
-	al.	-	none	-	-	-	-	abbr|foreign	-
-	also	-	none	-	-	-	-	foreign	-
-	am	-	none	-	-	-	-	foreign	-
-	an	-	none	-	-	-	-	foreign	-
-	and	-	none	-	-	-	-	foreign	-
-	are	-	none	-	-	-	-	foreign	-
-	as	-	none	-	-	-	-	foreign	-
-	at	-	none	-	-	-	-	foreign	-
-	att	-	none	-	-	-	-	foreign	-
-	auf	-	none	-	-	-	-	foreign	-
-	av	-	none	-	-	-	-	foreign	-
-	bin	-	none	-	-	-	-	foreign	-
-	but	-	none	-	-	-	-	foreign	-
-	by	-	none	-	-	-	-	foreign	-
-	con	-	none	-	-	-	-	foreign	-
-	costa	-	none	-	-	-	-	foreign	-
-	cum	-	none	-	-	-	-	foreign	-
-	d.o.o.	-	none	-	-	-	-	abbr|foreign	-
-	da	-	none	-	-	-	-	foreign	-
-	das	-	none	-	-	-	-	foreign	-
-	de	-	none	-	-	-	-	foreign	-
-	degli	-	none	-	-	-	-	foreign	-
-	dei	-	none	-	-	-	-	foreign	-
-	del	-	none	-	-	-	-	foreign	-
-	della	-	none	-	-	-	-	foreign	-
-	dello	-	none	-	-	-	-	foreign	-
-	den	-	none	-	-	-	-	foreign	-
-	der	-	none	-	-	-	-	foreign	-
-	des	-	none	-	-	-	-	foreign	-
-	det	-	none	-	-	-	-	foreign	-
-	de’	-	none	-	-	-	-	foreign	-
-	di	-	none	-	-	-	-	foreign	-
-	die	-	none	-	-	-	-	foreign	-
-	din	-	none	-	-	-	-	foreign	-
-	dina	-	none	-	-	-	-	foreign	-
-	ditt	-	none	-	-	-	-	foreign	-
-	do	-	none	-	-	-	-	foreign	-
-	don	-	none	-	-	-	-	foreign	-
-	dos	-	none	-	-	-	-	foreign	-
-	du	-	none	-	-	-	-	foreign	-
-	e.g.	-	none	-	-	-	-	abbr|foreign	-
-	ein	-	none	-	-	-	-	foreign	-
-	eine	-	none	-	-	-	-	foreign	-
-	einem	-	none	-	-	-	-	foreign	-
-	einen	-	none	-	-	-	-	foreign	-
-	einer	-	none	-	-	-	-	foreign	-
-	eines	-	none	-	-	-	-	foreign	-
-	el	-	none	-	-	-	-	foreign	-
-	en	-	none	-	-	-	-	foreign	-
-	etc.	-	none	-	-	-	-	abbr|foreign	-
-	ett	-	none	-	-	-	-	foreign	-
-	for	-	none	-	-	-	-	foreign	-
-	from	-	none	-	-	-	-	foreign	-
-	från	-	none	-	-	-	-	foreign	-
-	för	-	none	-	-	-	-	foreign	-
-	für	-	none	-	-	-	-	foreign	-
-	genom	-	none	-	-	-	-	foreign	-
-	had	-	none	-	-	-	-	foreign	-
-	has	-	none	-	-	-	-	foreign	-
-	have	-	none	-	-	-	-	foreign	-
-	hl.	-	none	-	-	-	-	abbr|foreign	-
-	i	-	none	-	-	-	-	foreign	-
-	ibn	-	none	-	-	-	-	foreign	-
-	ifrån	-	none	-	-	-	-	foreign	-
-	im	-	none	-	-	-	-	foreign	-
-	in	-	none	-	-	-	-	foreign	-
-	into	-	none	-	-	-	-	foreign	-
-	is	-	none	-	-	-	-	foreign	-
-	la	-	none	-	-	-	-	foreign	-
-	las	-	none	-	-	-	-	foreign	-
-	le	-	none	-	-	-	-	foreign	-
-	les	-	none	-	-	-	-	foreign	-
-	los	-	none	-	-	-	-	foreign	-
-	med	-	none	-	-	-	-	foreign	-
-	min	-	none	-	-	-	-	foreign	-
-	mina	-	none	-	-	-	-	foreign	-
-	mitt	-	none	-	-	-	-	foreign	-
-	my	-	none	-	-	-	-	foreign	-
-	no	-	none	-	-	-	-	foreign	-
-	non	-	none	-	-	-	-	foreign	-
-	not	-	none	-	-	-	-	foreign	-
-	och	-	none	-	-	-	-	foreign	-
-	of	-	none	-	-	-	-	foreign	-
-	om	-	none	-	-	-	-	foreign	-
-	on	-	none	-	-	-	-	foreign	-
-	onto	-	none	-	-	-	-	foreign	-
-	or	-	none	-	-	-	-	foreign	-
-	os	-	none	-	-	-	-	foreign	-
-	pour	-	none	-	-	-	-	foreign	-
-	på	-	none	-	-	-	-	foreign	-
-	san	-	none	-	-	-	-	foreign	-
-	sin	-	none	-	-	-	-	foreign	-
-	sine	-	none	-	-	-	-	foreign	-
-	som	-	none	-	-	-	-	foreign	-
-	than	-	none	-	-	-	-	foreign	-
-	the	-	none	-	-	-	-	foreign	-
-	till	-	none	-	-	-	-	foreign	-
-	to	-	none	-	-	-	-	foreign	-
-	und	-	none	-	-	-	-	foreign	-
-	under	-	none	-	-	-	-	foreign	-
-	up	-	none	-	-	-	-	foreign	-
-	van	-	none	-	-	-	-	foreign	-
-	von	-	none	-	-	-	-	foreign	-
-	vs	-	none	-	-	-	-	abbr|foreign	-
-	was	-	none	-	-	-	-	foreign	-
-	were	-	none	-	-	-	-	foreign	-
-	with	-	none	-	-	-	-	foreign	-
-	your	-	none	-	-	-	-	foreign	-
-	zu	-	none	-	-	-	-	foreign	-
-	zum	-	none	-	-	-	-	foreign	-
-	zur	-	none	-	-	-	-	foreign	-
-	åt	-	none	-	-	-	-	foreign	-
-	öfver	-	none	-	-	-	-	foreign	-
-	över	-	none	-	-	-	-	foreign	-
-	AB	-	noun	18B	-	-	-	foreign	-
-	AC	-	noun	18B	-	front	-	foreign	-
-	AG	-	noun	18B	-	-	-	foreign	-
-	AS	-	noun	10B	-	-	-	foreign	-
-	Abbey	-	noun	21	-	front|back	i|y	foreign	-
-	About	-	noun	5	-	-	-	foreign	-
-	Academy	-	noun	1	-	front|back	-	foreign	-
-	Ace	-	noun	8	-	-	-	foreign	-
-	Act	-	noun	5	-	-	-	foreign	-
-	Action	-	noun	6	-	-	-	foreign	-
-	Administration	-	noun	6	-	-	-	foreign	-
-	Advance	-	noun	8	-	-	-	foreign	-
-	Adventure	-	noun	8	-	-	-	foreign	-
-	Adventures	-	noun	5	-	-	-	foreign	-
-	Affair	-	noun	5	-	-	-	foreign	-
-	Affairs	-	noun	5	-	-	-	foreign	-
-	Africa	-	noun	13	-	-	-	foreign	-
-	African	-	noun	6	-	-	-	foreign	-
-	After	-	noun	6	-	-	-	foreign	-
-	Again	-	noun	5	-	-	-	foreign	-
-	Against	-	noun	5	-	-	-	foreign	-
-	Age	-	noun	8	-	-	-	foreign	-
-	Agency	-	noun	2	-	front|back	-	foreign	-
-	Agent	-	noun	5	-	-	-	foreign	-
-	Agents	-	noun	5	-	-	-	foreign	-
-	Airlines	-	noun	5	-	-	-	foreign	-
-	Airport	-	noun	5	-	-	-	foreign	-
-	Airways	-	noun	5	-	-	-	foreign	-
-	Akademi	-	noun	5	-	-	-	foreign	-
-	Album	-	noun	5	-	-	-	foreign	-
-	Alien	-	noun	5	-	-	-	foreign	-
-	Alive	-	noun	8	-	-	-	foreign	-
-	All	-	noun	5	-	-	-	foreign	-
-	Alliance	-	noun	8	-	-	-	foreign	-
-	Alpha	-	noun	9	-	-	-	foreign	-
-	Amateur	-	noun	5	-	-	-	foreign	-
-	Amen	-	noun	6	-	-	-	foreign	-
-	America	-	noun	13	-	-	-	foreign	-
-	American	-	noun	6	-	-	-	foreign	-
-	Americans	-	noun	5	-	-	-	foreign	-
-	América	-	noun	9	-	-	-	foreign	-
-	Analysis	-	noun	5	-	-	-	foreign	-
-	Angels	-	noun	5	-	-	-	foreign	-
-	Angry	-	noun	1	-	-	-	foreign	-
-	Animal	-	noun	6	-	-	-	foreign	-
-	Animation	-	noun	6	-	-	-	foreign	-
-	Another	-	noun	5	-	-	-	foreign	-
-	Any	-	noun	1	-	-	-	foreign	-
-	Anything	-	noun	5	-	-	-	foreign	-
-	Apocalypse	-	noun	8	-	-	-	foreign	-
-	April	-	noun	5	-	-	-	foreign	-
-	Aqua	-	noun	9	-	-	-	foreign	-
-	Arab	-	noun	5	-	-	-	foreign	-
-	Arabic	-	noun	5	-	-	-	foreign	-
-	Arcade	-	noun	8	-	-	-	foreign	-
-	Archive	-	noun	8	-	-	-	foreign	-
-	Arctic	-	noun	5	-	-	-	foreign	-
-	Arena	-	noun	13	-	-	-	foreign	-
-	Ark	-	noun	5	-	-	-	foreign	-
-	Army	-	noun	1	-	-	-	foreign	-
-	Ars	-	noun	5	-	-	-	foreign	-
-	Art	-	noun	5	-	-	-	foreign	-
-	Arts	-	noun	5	-	-	-	foreign	-
-	Asia	-	noun	9	-	-	-	foreign	-
-	Asian	-	noun	5	-	-	-	foreign	-
-	Ass	-	noun	5	-	-	-	foreign	-
-	Assembly	-	noun	1	-	front|back	-	foreign	-
-	Association	-	noun	6	-	-	-	foreign	-
-	Atheism	-	noun	5	-	-	-	foreign	-
-	Athletic	-	noun	5	-	-	-	foreign	-
-	Athletics	-	noun	5	-	-	-	foreign	-
-	Atlantic	-	noun	5	-	-	-	foreign	-
-	Attack	-	noun	5	-	-	-	foreign	-
-	Attention	-	noun	6	-	-	-	foreign	-
-	August	-	noun	5	-	-	-	foreign	-
-	Australian	-	noun	5	-	-	-	foreign	-
-	Authority	-	noun	2	-	front|back	-	foreign	-
-	Automotive	-	noun	8	-	-	-	foreign	-
-	Autovía	-	noun	9	-	-	-	foreign	-
-	Avalanche	-	noun	8	-	-	-	foreign	-
-	Avenida	-	noun	9	-	-	-	foreign	-
-	Aviation	-	noun	6	-	-	-	foreign	-
-	Awakening	-	noun	5	-	-	-	foreign	-
-	Award	-	noun	5	-	-	-	foreign	-
-	Awards	-	noun	5	-	-	-	foreign	-
-	Away	-	noun	21	-	front|back	-	foreign	-
-	Azure	-	noun	8	-	-	-	foreign	-
-	B&B	-	noun	18B	-	front	-	foreign	-
-	Back	-	noun	5	-	-	-	foreign	-
-	Background	-	noun	5	-	-	-	foreign	-
-	Backstory	-	noun	1	-	-	-	foreign	-
-	Bad	-	noun	5	-	-	-	foreign	-
-	Bailey	-	noun	21	-	front|back	-	foreign	-
-	Ball	-	noun	5	-	-	-	foreign	-
-	Balls	-	noun	5	-	-	-	foreign	-
-	Baltic	-	noun	5	-	-	-	foreign	-
-	Baltica	-	noun	9	-	-	-	foreign	-
-	Band	-	noun	5	-	-	-	foreign	-
-	Bang	-	noun	5	-	-	-	foreign	-
-	Bank	-	noun	5	-	-	-	foreign	-
-	Baptist	-	noun	5	-	-	-	foreign	-
-	Bar	-	noun	5	-	-	-	foreign	-
-	Basket	-	noun	5	-	-	-	foreign	-
-	Basketball	-	noun	5	-	-	-	foreign	-
-	Battle	-	noun	8	-	-	-	foreign	-
-	Bay	-	noun	21	-	front|back	i|y	foreign	-
-	Be	-	noun	21	-	-	-	foreign	-
-	Beach	-	noun	5	-	-	-	foreign	-
-	Bear	-	noun	5	-	-	-	foreign	-
-	Bears	-	noun	5	-	-	-	foreign	-
-	Beast	-	noun	5	-	-	-	foreign	-
-	Beautiful	-	noun	5	-	-	-	foreign	-
-	Beauty	-	noun	1	-	-	-	foreign	-
-	Beaver	-	noun	6	-	-	-	foreign	-
-	Because	-	noun	8	-	-	-	foreign	-
-	Berlin	-	noun	5	-	-	-	foreign	-
-	Best	-	noun	5	-	-	-	foreign	-
-	Beyond	-	noun	5	-	-	-	foreign	-
-	Bible	-	noun	8	-	-	-	foreign	-
-	Bien	-	noun	5	-	-	-	foreign	-
-	Big	-	noun	5	-	-	-	foreign	-
-	Billboard	-	noun	5	-	-	-	foreign	-
-	Billion	-	noun	6	-	-	-	foreign	-
-	Bin	-	noun	5	-	-	-	foreign	-
-	Bio	-	noun	3	-	-	-	foreign	-
-	Biology	-	noun	1	-	-	-	foreign	-
-	Bird	-	noun	5	-	-	-	foreign	-
-	Birds	-	noun	5	-	-	-	foreign	-
-	Bisons	-	noun	5	-	-	-	foreign	-
-	Bitch	-	noun	5	-	-	-	foreign	-
-	Black	-	noun	5	-	-	-	foreign	-
-	Blade	-	noun	8	-	-	-	foreign	-
-	Blind	-	noun	5	-	-	-	foreign	-
-	Block	-	noun	5	-	-	-	foreign	-
-	Blood	-	noun	5	-	-	-	foreign	-
-	Blue	-	noun	8	-	-	-	foreign	-
-	Board	-	noun	5	-	-	-	foreign	-
-	Bohemia	-	noun	12	-	-	-	foreign	-
-	Bon	-	noun	5	-	-	-	foreign	-
-	Bonbon	-	noun	6	-	-	-	foreign	-
-	Bone	-	noun	8	-	-	-	foreign	-
-	Book	-	noun	5	-	-	-	foreign	-
-	Books	-	noun	5	-	-	-	foreign	-
-	Bottom	-	noun	5	-	-	-	foreign	-
-	Bow	-	noun	22|†5	-	-	-	foreign	-
-	Bowl	-	noun	5	-	-	-	foreign	-
-	Box	-	noun	5	-	-	-	foreign	-
-	Boxer	-	noun	6	-	-	-	foreign	-
-	Boxing	-	noun	5	-	-	-	foreign	-
-	Boy	-	noun	21	-	-	i|y	foreign	-
-	Boys	-	noun	5	-	-	-	foreign	-
-	Brain	-	noun	5	-	-	-	foreign	-
-	Branch	-	noun	5	-	-	-	foreign	-
-	Brick	-	noun	5	-	-	-	foreign	-
-	Britain	-	noun	5	-	-	-	foreign	-
-	British	-	noun	5	-	-	-	foreign	-
-	Broadcasting	-	noun	5	-	-	-	foreign	-
-	Broken	-	noun	6	-	-	-	foreign	-
-	Bros	-	noun	5	-	-	-	foreign	-
-	Brother	-	noun	6	-	-	-	foreign	-
-	Brothers	-	noun	5	-	-	-	foreign	-
-	Browser	-	noun	6	-	-	-	foreign	-
-	Bruins	-	noun	5	-	-	-	foreign	-
-	Buen	-	noun	5	-	-	-	foreign	-
-	Building	-	noun	5	-	-	-	foreign	-
-	Bulls	-	noun	5	-	-	-	foreign	-
-	Bureau	-	noun	21	-	-	-	foreign	-
-	Burger	-	noun	6	-	-	-	foreign	-
-	Burgers	-	noun	5	-	-	-	foreign	-
-	Burj	-	noun	5	-	-	-	foreign	-
-	Burn	-	noun	5	-	-	-	foreign	-
-	Button	-	noun	6	-	-	-	foreign	-
-	Cabinet	-	noun	5	-	-	-	foreign	-
-	Cafe	-	noun	8	-	-	-	foreign	-
-	Café	-	noun	21	-	-	-	foreign	-
-	Cage	-	noun	8	-	-	-	foreign	-
-	California	-	noun	12	-	-	-	foreign	-
-	Call	-	noun	5	-	-	-	foreign	-
-	Calle	-	noun	8	-	-	-	foreign	-
-	Can	-	noun	5	-	-	-	foreign	-
-	Canada	-	noun	10|12	-	-	-	foreign	-
-	Canadian	-	noun	5	-	-	-	foreign	-
-	Canadiens	-	noun	5	-	-	-	foreign	-
-	Canal	-	noun	6	-	-	-	foreign	-
-	Candy	-	noun	1	-	-	-	foreign	-
-	Canon	-	noun	6	-	-	-	foreign	-
-	Canyon	-	noun	5	-	-	-	foreign	-
-	Cap	-	noun	5	-	-	-	foreign	-
-	Cape	-	noun	8	-	-	-	foreign	-
-	Capital	-	noun	6	-	-	-	foreign	-
-	Capitals	-	noun	5	-	-	-	foreign	-
-	Captain	-	noun	5	-	-	-	foreign	-
-	Car	-	noun	5	-	-	-	foreign	-
-	Carbon	-	noun	6	-	-	-	foreign	-
-	Care	-	noun	8	-	-	-	foreign	-
-	Caribbean	-	noun	5	-	-	-	foreign	-
-	Casa	-	noun	9	-	-	-	foreign	-
-	Casino	-	noun	2	-	-	-	foreign	-
-	Castle	-	noun	8	-	-	-	foreign	-
-	Cat	-	noun	5	-	-	-	foreign	-
-	Cats	-	noun	5	-	-	-	foreign	-
-	Cavaliers	-	noun	5	-	-	-	foreign	-
-	Celtic	-	noun	5	-	-	-	foreign	-
-	Celtics	-	noun	5	-	-	-	foreign	-
-	Centauri	-	noun	5	-	-	-	foreign	-
-	Center	-	noun	6	-	-	-	foreign	-
-	Central	-	noun	6	-	-	-	foreign	-
-	Centre	-	noun	8	-	-	-	foreign	-
-	Century	-	noun	2	-	-	-	foreign	-
-	Challenge	-	noun	8	-	-	-	foreign	-
-	Champion	-	noun	5	-	-	-	foreign	-
-	Champions	-	noun	5	-	-	-	foreign	-
-	Championship	-	noun	5	-	-	-	foreign	-
-	Channel	-	noun	6	-	-	-	foreign	-
-	Chaos	-	noun	5	-	-	-	foreign	-
-	Chapel	-	noun	5	-	-	-	foreign	-
-	Charity	-	noun	1	-	front|back	-	foreign	-
-	Chemistry	-	noun	1	-	-	-	foreign	-
-	Cherry	-	noun	1	-	-	-	foreign	-
-	Chicken	-	noun	6	-	-	-	foreign	-
-	Child	-	noun	5	-	-	-	foreign	-
-	Children	-	noun	6	-	-	-	foreign	-
-	China	-	noun	9	-	-	-	foreign	-
-	Chinatown	-	noun	5	-	-	-	foreign	-
-	Chinese	-	noun	8	-	-	-	foreign	-
-	Chip	-	noun	5	-	-	-	foreign	-
-	Christ	-	noun	5	-	-	-	foreign	-
-	Christian	-	noun	5	-	-	-	foreign	-
-	Christianity	-	noun	1	-	front|back	-	foreign	-
-	Christmas	-	noun	5	-	-	-	foreign	-
-	Chronicle	-	noun	8	-	-	-	foreign	-
-	Chronicles	-	noun	5	-	-	-	foreign	-
-	Church	-	noun	5	-	-	-	foreign	-
-	Circle	-	noun	8	-	-	-	foreign	-
-	Circuit	-	noun	5	-	-	-	foreign	-
-	Circus	-	noun	5|39	-	-	-	foreign	-
-	Citizen	-	noun	6	-	-	-	foreign	-
-	City	-	noun	1	-	front	-	foreign	-
-	Clan	-	noun	6	-	-	-	foreign	-
-	Class	-	noun	5	-	-	-	foreign	-
-	Classic	-	noun	5	-	-	-	foreign	-
-	Clean	-	noun	5	-	-	-	foreign	-
-	Cleantech	-	noun	5	-	-	-	foreign	-
-	Clear	-	noun	5	-	-	-	foreign	-
-	Client	-	noun	5	-	-	-	foreign	-
-	Clippers	-	noun	5	-	-	-	foreign	-
-	Club	-	noun	5	-	-	-	foreign	-
-	Co.	-	noun	XX	-	-	-	abbr|foreign	-
-	Coalition	-	noun	6	-	-	-	foreign	-
-	Coast	-	noun	5	-	-	-	foreign	-
-	Cobra	-	noun	10	-	-	-	foreign	-
-	Cock	-	noun	5	-	-	-	foreign	-
-	Cocks	-	noun	5	-	-	-	foreign	-
-	Code	-	noun	8	-	-	-	foreign	-
-	Coin	-	noun	5	-	-	-	foreign	-
-	Cold	-	noun	5	-	-	-	foreign	-
-	Collection	-	noun	6	-	-	-	foreign	-
-	College	-	noun	2	-	back	-	foreign	-
-	Color	-	noun	6	-	-	-	foreign	-
-	Combat	-	noun	5	-	-	-	foreign	-
-	Combine	-	noun	8	-	-	-	foreign	-
-	Come	-	noun	8	-	-	-	foreign	-
-	Comics	-	noun	5	-	-	-	foreign	-
-	Comission	-	noun	6	-	-	-	foreign|nstd	1.000
-	Command	-	noun	5	-	-	-	foreign	-
-	Commission	-	noun	5	-	-	-	foreign	-
-	Commodore	-	noun	8	-	-	-	foreign	-
-	Community	-	noun	1	-	front|back	-	foreign	-
-	Compact	-	noun	5	-	-	-	foreign	-
-	Company	-	noun	2	-	front|back	-	foreign	-
-	Compass	-	noun	5	-	-	-	foreign	-
-	Computer	-	noun	6	-	-	-	foreign	-
-	Cone	-	noun	8	-	-	-	foreign	-
-	Conference	-	noun	8	-	-	-	foreign	-
-	Confidential	-	noun	5	-	-	-	foreign	-
-	Congestion	-	noun	5	-	-	-	foreign	-
-	Congress	-	noun	5	-	-	-	foreign	-
-	Continental	-	noun	6	-	-	-	foreign	-
-	Control	-	noun	5	-	-	-	foreign	-
-	Convention	-	noun	6	-	-	-	foreign	-
-	Copa	-	noun	10	-	-	-	foreign	-
-	Copilot	-	noun	5	-	-	-	foreign	-
-	Copy	-	noun	1	-	front|back	-	foreign	-
-	Core	-	noun	8	-	-	-	foreign	-
-	Corporation	-	noun	6	-	-	-	foreign	-
-	Council	-	noun	5	-	-	-	foreign	-
-	Country	-	noun	1	-	front|back	-	foreign	-
-	County	-	noun	1	-	-	-	foreign	-
-	Court	-	noun	5	-	-	-	foreign	-
-	Coyotes	-	noun	5	-	-	-	foreign	-
-	Crash	-	noun	5	-	-	-	foreign	-
-	Crazy	-	noun	1	-	-	-	foreign	-
-	Cream	-	noun	5	-	-	-	foreign	-
-	Creative	-	noun	8	-	-	-	foreign	-
-	Credit	-	noun	5	-	-	-	foreign	-
-	Creek	-	noun	5	-	-	-	foreign	-
-	Crimson	-	noun	6	-	-	-	foreign	-
-	Cross	-	noun	5	-	-	-	foreign	-
-	Crown	-	noun	5	-	-	-	foreign	-
-	Cruiser	-	noun	6	-	-	-	foreign	-
-	Cry	-	noun	21	-	-	i|y	foreign	-
-	Crystal	-	noun	6	-	-	-	foreign	-
-	Crème	-	noun	8	-	-	-	foreign	-
-	Cube	-	noun	8	-	-	-	foreign	-
-	Culture	-	noun	8	-	-	-	foreign	-
-	Curse	-	noun	8	-	-	-	foreign	-
-	Curve	-	noun	8	-	-	-	foreign	-
-	Cut	-	noun	5	-	-	-	foreign	-
-	Cyan	-	noun	6	-	-	-	foreign	-
-	Cycling	-	noun	5	-	-	-	foreign	-
-	Daddy	-	noun	1	-	-	-	foreign	-
-	Dagens	-	noun	5	-	-	-	foreign	-
-	Daily	-	noun	1	-	front|back	-	foreign	-
-	Dame	-	noun	8	-	-	-	foreign	-
-	Dance	-	noun	8	-	-	-	foreign	-
-	Dark	-	noun	5	-	-	-	foreign	-
-	Darkness	-	noun	5	-	-	-	foreign	-
-	Dawn	-	noun	5	-	-	-	foreign	-
-	Day	-	noun	21	-	front|back	i|y	foreign	-
-	Days	-	noun	5	-	-	-	foreign	-
-	Dead	-	noun	5	-	-	-	foreign	-
-	Death	-	noun	5	-	-	-	foreign	-
-	Decade	-	noun	8	-	-	-	foreign	-
-	December	-	noun	6	-	-	-	foreign	-
-	Deep	-	noun	5	-	-	-	foreign	-
-	Defence	-	noun	8	-	-	-	foreign	-
-	Defense	-	noun	8	-	-	-	foreign	-
-	Delete	-	noun	8	-	-	-	foreign	-
-	Deluxe	-	noun	8	-	-	-	foreign	-
-	Democratic	-	noun	5	-	-	-	foreign	-
-	Demon	-	noun	6	-	-	-	foreign	-
-	Denmark	-	noun	5	-	-	-	foreign	-
-	Department	-	noun	5	-	-	-	foreign	-
-	Desk	-	noun	5	-	-	-	foreign	-
-	Desktop	-	noun	5	-	-	-	foreign	-
-	Destiny	-	noun	1	-	-	-	foreign	-
-	Deus	-	noun	5	-	-	-	foreign	-
-	Deutsch	-	noun	5	-	-	-	foreign	-
-	Deutsche	-	noun	8	-	-	-	foreign	-
-	Deutschland	-	noun	5	-	-	-	foreign	-
-	Developer	-	noun	6	-	-	-	foreign	-
-	Development	-	noun	5	-	-	-	foreign	-
-	Device	-	noun	8	-	-	-	foreign	-
-	Devil	-	noun	5	-	-	-	foreign	-
-	Devils	-	noun	5	-	-	-	foreign	-
-	Diamond	-	noun	5	-	-	-	foreign	-
-	Dictionary	-	noun	1	-	-	-	foreign	-
-	Digital	-	noun	5	-	-	-	foreign	-
-	Dimotikí	-	noun	21|8	-	-	-	foreign	-
-	Dinamo	-	noun	2	-	-	-	foreign	-
-	Direction	-	noun	6	-	-	-	foreign	-
-	Director	-	noun	6	-	-	-	foreign	-
-	Disc	-	noun	5	-	-	-	foreign	-
-	Discovery	-	noun	2	-	front|back	-	foreign	-
-	Disk	-	noun	5	-	-	-	foreign	-
-	District	-	noun	5	-	-	-	foreign	-
-	Division	-	noun	5	-	-	-	foreign	-
-	División	-	noun	5	-	-	-	foreign	-
-	Divison	-	noun	6	-	-	-	foreign	-
-	Dnevnik	-	noun	5	-	-	-	foreign	-
-	Doctor	-	noun	6	-	-	-	foreign	-
-	Dog	-	noun	5	-	-	-	foreign	-
-	Dogs	-	noun	5	-	-	-	foreign	-
-	Dollar	-	noun	6	-	-	-	foreign	-
-	Domestic	-	noun	5	-	-	-	foreign	-
-	Donkey	-	noun	21	-	front|back	i|y	foreign	-
-	Don’t	-	noun	5	-	-	-	foreign	-
-	Doom	-	noun	5	-	-	-	foreign	-
-	Door	-	noun	5	-	-	-	foreign	-
-	Down	-	noun	5	-	-	-	foreign	-
-	Download	-	noun	5	-	-	-	foreign	-
-	Drag	-	noun	5	-	-	-	foreign	-
-	Dragon	-	noun	6	-	-	-	foreign	-
-	Dragons	-	noun	5	-	-	-	foreign	-
-	Dream	-	noun	5	-	-	-	foreign	-
-	Dreams	-	noun	5	-	-	-	foreign	-
-	Dresses	-	noun	5	-	-	-	foreign	-
-	Drink	-	noun	5	-	-	-	foreign	-
-	Drive	-	noun	8	-	-	-	foreign	-
-	Driver	-	noun	6	-	-	-	foreign	-
-	Drug	-	noun	5	-	-	-	foreign	-
-	Duck	-	noun	5	-	-	-	foreign	-
-	Ducks	-	noun	5	-	-	-	foreign	-
-	Dungeon	-	noun	6	-	-	-	foreign	-
-	Dungeons	-	noun	5	-	-	-	foreign	-
-	Dynasty	-	noun	1	-	-	-	foreign	-
-	Ear	-	noun	5	-	-	-	foreign	-
-	Early	-	noun	1	-	-	-	foreign	-
-	Earth	-	noun	5	-	-	-	foreign	-
-	East	-	noun	5	-	-	-	foreign	-
-	Eastern	-	noun	5	-	-	-	foreign	-
-	Economic	-	noun	5	-	-	-	foreign	-
-	Edition	-	noun	6	-	-	-	foreign	-
-	Education	-	noun	6	-	-	-	foreign	-
-	Eight	-	noun	5	-	-	-	foreign	-
-	Eighteen	-	noun	5	-	-	-	foreign	-
-	Eighth	-	noun	5	-	-	-	foreign	-
-	Eighty	-	noun	1	-	-	-	foreign	-
-	Elder	-	noun	6	-	-	-	foreign	-
-	Election	-	noun	6	-	-	-	foreign	-
-	Electric	-	noun	5	-	-	-	foreign	-
-	Electricity	-	noun	1	-	-	-	foreign	-
-	Electron	-	noun	6	-	-	-	foreign	-
-	Electronic	-	noun	5	-	-	-	foreign	-
-	Eleven	-	noun	6	-	-	-	foreign	-
-	Else	-	noun	8	-	-	-	foreign	-
-	Emerald	-	noun	5	-	-	-	foreign	-
-	Empire	-	noun	8	-	front	-	foreign	-
-	Empty	-	noun	1	-	-	-	foreign	-
-	Encyclopedia	-	noun	12	-	-	-	foreign	-
-	Encyclopædia	-	noun	12	-	-	-	foreign	-
-	End	-	noun	5	-	-	-	foreign	-
-	Energy	-	noun	2	-	-	-	foreign	-
-	Engine	-	noun	8	-	-	-	foreign	-
-	Engineering	-	noun	5	-	-	-	foreign	-
-	England	-	noun	5	-	-	-	foreign	-
-	English	-	noun	5	-	-	-	foreign	-
-	Enter	-	noun	6	-	-	-	foreign	-
-	Enterprise	-	noun	8	-	-	-	foreign	-
-	Enterprises	-	noun	5	-	-	-	foreign	-
-	Entertainment	-	noun	5	-	-	-	foreign	-
-	Epic	-	noun	5	-	-	-	foreign	-
-	Episode	-	noun	8	-	-	-	foreign	-
-	Escort	-	noun	5	-	-	-	foreign	-
-	Esport	-	noun	5	-	-	-	foreign	-
-	Eternal	-	noun	6	-	-	-	foreign	-
-	Euphoria	-	noun	12	-	-	-	foreign	-
-	Europe	-	noun	8	-	-	-	foreign	-
-	European	-	noun	5	-	-	-	foreign	-
-	Even	-	noun	6	-	-	-	foreign	-
-	Events	-	noun	5	-	-	-	foreign	-
-	Every	-	noun	2	-	-	-	foreign	-
-	Evil	-	noun	5	-	-	-	foreign	-
-	Evolution	-	noun	6	-	-	-	foreign	-
-	Exhibition	-	noun	6	-	-	-	foreign	-
-	Exit	-	noun	5	-	-	-	foreign	-
-	Experience	-	noun	8	-	-	-	foreign	-
-	Explorer	-	noun	6	-	-	-	foreign	-
-	Expo	-	noun	1	-	-	-	foreign	-
-	Express	-	noun	5	-	-	-	foreign	-
-	Extinction	-	noun	6	-	-	-	foreign	-
-	Eye	-	noun	8	-	-	-	foreign	-
-	Eyes	-	noun	5	-	-	-	foreign	-
-	FA	-	noun	18B	-	-	-	foreign	-
-	FK	-	noun	18B	-	-	-	foreign	-
-	Fair	-	noun	5	-	-	-	foreign	-
-	Fairy	-	noun	1	-	front|back	-	foreign	-
-	Fairytale	-	noun	8	-	-	-	foreign	-
-	Fall	-	noun	5	-	-	-	foreign	-
-	Falls	-	noun	5	-	-	-	foreign	-
-	False	-	noun	8	-	-	-	foreign	-
-	Fame	-	noun	8	-	-	-	foreign	-
-	Family	-	noun	1	-	front|back	-	foreign	-
-	Fan	-	noun	5	-	back	-	foreign	-
-	Fanfiction	-	noun	6	-	-	-	foreign	-
-	Fantasy	-	noun	2	-	-	-	foreign	-
-	Far	-	noun	5	-	-	-	foreign	-
-	Fashion	-	noun	6	-	-	-	foreign	-
-	Fear	-	noun	5	-	-	-	foreign	-
-	February	-	noun	1	-	-	-	foreign	-
-	Federal	-	noun	5	-	-	-	foreign	-
-	Federation	-	noun	6	-	-	-	foreign	-
-	Fem	-	noun	5	-	-	-	foreign	-
-	Festival	-	noun	6	-	-	-	foreign	-
-	Fiction	-	noun	6	-	-	-	foreign	-
-	Field	-	noun	5	-	-	-	foreign	-
-	Fields	-	noun	5	-	-	-	foreign	-
-	Fifteen	-	noun	5	-	-	-	foreign	-
-	Fifth	-	noun	5	-	-	-	foreign	-
-	Fifty	-	noun	1	-	-	-	foreign	-
-	Fighter	-	noun	6	-	-	-	foreign	-
-	Files	-	noun	5	-	-	-	foreign	-
-	Film	-	noun	5	-	-	-	foreign	-
-	Films	-	noun	5	-	-	-	foreign	-
-	Filters	-	noun	5	-	-	-	foreign	-
-	Final	-	noun	6	-	-	-	foreign	-
-	Finance	-	noun	8	-	-	-	foreign	-
-	Financial	-	noun	6	-	-	-	foreign	-
-	Fine	-	noun	8	-	-	-	foreign	-
-	Finland	-	noun	5	-	-	-	foreign	-
-	Finn	-	noun	5	-	-	-	foreign	-
-	Finnish	-	noun	5	-	-	-	foreign	-
-	Finns	-	noun	5	-	-	-	foreign	-
-	Fire	-	noun	8	-	-	-	foreign	-
-	Fires	-	noun	5	-	-	-	foreign	-
-	First	-	noun	5	-	-	-	foreign	-
-	Fish	-	noun	5	-	-	-	foreign	-
-	Fit	-	noun	5	-	-	-	foreign	-
-	Five	-	noun	8	-	-	-	foreign	-
-	Flames	-	noun	5	-	-	-	foreign	-
-	Floor	-	noun	5	-	-	-	foreign	-
-	Flow	-	noun	22|†5	-	-	u	foreign	-
-	Flyers	-	noun	5	-	-	-	foreign	-
-	Flying	-	noun	5	-	-	-	foreign	-
-	Focus	-	noun	39|5	-	-	-	foreign	-
-	Food	-	noun	5	-	-	-	foreign	-
-	Foods	-	noun	5	-	-	-	foreign	-
-	Foot	-	noun	5	-	-	-	foreign	-
-	Football	-	noun	5	-	-	-	foreign	-
-	Force	-	noun	8	-	-	-	foreign	-
-	Forces	-	noun	5	-	-	-	foreign	-
-	Foreign	-	noun	5	-	-	-	foreign	-
-	Forest	-	noun	5	-	-	-	foreign	-
-	Fork	-	noun	5	-	-	-	foreign	-
-	Fort	-	noun	5	-	-	-	foreign	-
-	Forty	-	noun	1	-	-	-	foreign	-
-	Forum	-	noun	6	-	-	-	foreign	-
-	Foundation	-	noun	6	-	-	-	foreign	-
-	Four	-	noun	5	-	-	-	foreign	-
-	Fourteen	-	noun	5	-	-	-	foreign	-
-	Fourth	-	noun	5	-	-	-	foreign	-
-	Fox	-	noun	5	-	-	-	foreign	-
-	France	-	noun	8	-	-	-	foreign	-
-	Free	-	noun	21	-	-	i|e	foreign	-
-	Freedom	-	noun	5	-	-	-	foreign	-
-	Freemium	-	noun	5	-	-	-	foreign	-
-	French	-	noun	5	-	-	-	foreign	-
-	Friday	-	noun	21	-	front|back	i|y	foreign	-
-	Friend	-	noun	5	-	-	-	foreign	-
-	Friends	-	noun	5	-	-	-	foreign	-
-	Front	-	noun	5	-	-	-	foreign	-
-	Frontier	-	noun	5	-	-	-	foreign	-
-	Fruit	-	noun	5	-	-	-	foreign	-
-	Fuck	-	noun	5	-	-	-	foreign	-
-	Full	-	noun	5	-	-	-	foreign	-
-	Fun	-	noun	5	-	-	-	foreign	-
-	Fund	-	noun	5	-	-	-	foreign	-
-	Fury	-	noun	1	-	-	-	foreign	-
-	Future	-	noun	8	-	-	-	foreign	-
-	Fédération	-	noun	5	-	-	-	foreign	-
-	Führer	-	noun	6	-	-	-	foreign	-
-	Galaxy	-	noun	1	-	-	-	foreign	-
-	Game	-	noun	8	-	-	-	foreign	-
-	Gamer	-	noun	6	-	-	-	foreign	-
-	Games	-	noun	5	-	-	-	foreign	-
-	Garden	-	noun	6	-	-	-	foreign	-
-	Garten	-	noun	6	-	-	-	foreign	-
-	Gate	-	noun	8	-	-	-	foreign	-
-	Gazeta	-	noun	9	-	-	-	foreign	-
-	Gear	-	noun	5	-	-	-	foreign	-
-	Gefilus	-	noun	39	-	-	-	foreign	-
-	Gender	-	noun	6	-	-	-	foreign	-
-	General	-	noun	6	-	-	-	foreign	-
-	Generation	-	noun	5	-	-	-	foreign	-
-	German	-	noun	6	-	-	-	foreign	-
-	Germany	-	noun	2	-	-	-	foreign	-
-	Get	-	noun	5	-	-	-	foreign	-
-	Ghost	-	noun	5	-	-	-	foreign	-
-	Giants	-	noun	5	-	-	-	foreign	-
-	Ginger	-	noun	6	-	-	-	foreign	-
-	Girl	-	noun	5	-	-	-	foreign	-
-	Girls	-	noun	5	-	-	-	foreign	-
-	Glam	-	noun	5	-	-	-	foreign	-
-	Global	-	noun	6	-	-	-	foreign	-
-	Globe	-	noun	8	-	-	-	foreign	-
-	Glory	-	noun	1	-	-	-	foreign	-
-	GmbH	-	noun	18B	-	-	-	foreign	-
-	Go	-	noun	21	-	-	-	foreign	-
-	God	-	noun	5	-	-	-	foreign	-
-	Gods	-	noun	5	-	-	-	foreign	-
-	Gold	-	noun	5	-	-	-	foreign	-
-	Golden	-	noun	6	-	-	-	foreign	-
-	Gone	-	noun	8	-	-	-	foreign	-
-	Good	-	noun	5	-	-	-	foreign	-
-	Grain	-	noun	5	-	-	-	foreign	-
-	Gran	-	noun	6	-	-	-	foreign	-
-	Grand	-	noun	5	-	-	-	foreign	-
-	Grande	-	noun	8	-	-	-	foreign	-
-	Gray	-	noun	21	-	front|back	i|y	foreign	-
-	Great	-	noun	5	-	-	-	foreign	-
-	Greatest	-	noun	5	-	-	-	foreign	-
-	Greek	-	noun	5	-	-	-	foreign	-
-	Green	-	noun	5	-	-	-	foreign	-
-	Grey	-	noun	21	-	-	i|y	foreign	-
-	Group	-	noun	5	-	-	-	foreign	-
-	Groß	-	noun	5	-	-	-	foreign	-
-	Guide	-	noun	8	-	-	-	foreign	-
-	Guild	-	noun	5	-	-	-	foreign	-
-	Guitar	-	noun	6	-	-	-	foreign	-
-	Gun	-	noun	5	-	-	-	foreign	-
-	Guns	-	noun	5	-	-	-	foreign	-
-	HD	-	noun	18B	-	-	-	foreign	-
-	HMS	-	noun	10B	-	-	-	foreign	-
-	Habitat	-	noun	5	-	-	-	foreign	-
-	Hair	-	noun	5	-	-	-	foreign	-
-	Hammer	-	noun	6	-	-	-	foreign	-
-	Hand	-	noun	5	-	-	-	foreign	-
-	Haram	-	noun	5	-	-	-	foreign	-
-	Harbor	-	noun	6	-	-	-	foreign	-
-	Harbour	-	noun	5	-	-	-	foreign	-
-	Hard	-	noun	5	-	-	-	foreign	-
-	Hardcore	-	noun	8	-	-	-	foreign	-
-	Hardware	-	noun	8	-	-	-	foreign	-
-	Harmony	-	noun	2	-	-	-	foreign	-
-	Haunted	-	noun	5	-	-	-	foreign	-
-	Haus	-	noun	5	-	-	-	foreign	-
-	Haven	-	noun	6	-	-	-	foreign	-
-	Hawk	-	noun	5	-	-	-	foreign	-
-	Hawks	-	noun	5	-	-	-	foreign	-
-	Head	-	noun	5	-	-	-	foreign	-
-	Health	-	noun	5	-	-	-	foreign	-
-	Heart	-	noun	5	-	-	-	foreign	-
-	Hearts	-	noun	5	-	-	-	foreign	-
-	Heat	-	noun	5	-	-	-	foreign	-
-	Heaven	-	noun	6	-	-	-	foreign	-
-	Hedgehog	-	noun	5	-	-	-	foreign	-
-	Hell	-	noun	5	-	-	-	foreign	-
-	Hello	-	noun	1	-	-	-	foreign	-
-	Helsingfors	-	noun	5	-	-	-	foreign	-
-	Her	-	noun	5	-	-	-	foreign	-
-	Here	-	noun	8	-	-	-	foreign	-
-	Hero	-	noun	1	-	-	-	foreign	-
-	Heroes	-	noun	5	-	-	-	foreign	-
-	Herr	-	noun	5	-	-	-	foreign	-
-	Hey	-	noun	21	-	-	i|y	foreign	-
-	Hidden	-	noun	6	-	-	-	foreign	-
-	High	-	noun	5	-	-	-	foreign	-
-	Highway	-	noun	21	-	front|back	i|y	foreign	-
-	Hill	-	noun	5	-	-	-	foreign	-
-	Hills	-	noun	5	-	-	-	foreign	-
-	His	-	noun	5	-	-	-	foreign	-
-	History	-	noun	1	-	front|back	-	foreign	-
-	Hits	-	noun	5	-	-	-	foreign	-
-	Hockey	-	noun	21	-	front|back	i|y	foreign	-
-	Holiday	-	noun	21	-	front|back	i|y	foreign	-
-	Holy	-	noun	1	-	-	-	foreign	-
-	Home	-	noun	8	-	-	-	foreign	-
-	Honey	-	noun	21	-	front|back	i|y	foreign	-
-	Hope	-	noun	8	-	-	-	foreign	-
-	Horse	-	noun	8	-	-	-	foreign	-
-	Hospital	-	noun	6	-	-	-	foreign	-
-	Hot	-	noun	5	-	-	-	foreign	-
-	Hotel	-	noun	6	-	-	-	foreign	-
-	Hotels	-	noun	5	-	-	-	foreign	-
-	Hour	-	noun	5	-	-	-	foreign	-
-	House	-	noun	8	-	back	-	foreign	-
-	How	-	noun	22	-	-	u	foreign	-
-	Hub	-	noun	5	-	-	-	foreign	-
-	Human	-	noun	6	-	-	-	foreign	-
-	Hundred	-	noun	5	-	-	-	foreign	-
-	Hunter	-	noun	6	-	-	-	foreign	-
-	Hurricane	-	noun	8	-	-	-	foreign	-
-	Hurricanes	-	noun	5	-	-	-	foreign	-
-	Hut	-	noun	5	-	-	-	foreign	-
-	Hydrogen	-	noun	6	-	-	-	foreign	-
-	Ice	-	noun	8	-	-	-	foreign	-
-	Idol	-	noun	6	-	-	-	foreign	-
-	If	-	noun	5	-	-	-	foreign	-
-	Il	-	noun	5	-	-	-	foreign	-
-	Illusion	-	noun	6	-	-	-	foreign	-
-	Inc.	-	noun	XX	-	-	-	abbr|foreign	-
-	Inclusive	-	noun	8	-	-	-	foreign	-
-	Independent	-	noun	5	-	-	-	foreign	-
-	Index	-	noun	5	-	-	-	foreign	-
-	India	-	noun	12	-	-	-	foreign	-
-	Indian	-	noun	5	-	-	-	foreign	-
-	Indians	-	noun	5	-	-	-	foreign	-
-	Industrial	-	noun	5	-	-	-	foreign	-
-	Industries	-	noun	5	-	-	-	foreign	-
-	Initiative	-	noun	8	-	-	-	foreign	-
-	Inn	-	noun	5	-	-	-	foreign	-
-	Inside	-	noun	8	-	-	-	foreign	-
-	Institute	-	noun	8	-	-	-	foreign	-
-	Interactive	-	noun	8	-	-	-	foreign	-
-	International	-	noun	6	-	-	-	foreign	-
-	Internationale	-	noun	8	-	-	-	foreign	-
-	Intervention	-	noun	6	-	-	-	foreign	-
-	Introduction	-	noun	6	-	-	-	foreign	-
-	Invaders	-	noun	5	-	-	-	foreign	-
-	Invisible	-	noun	8	-	-	-	foreign	-
-	Ireland	-	noun	5	-	-	-	foreign	-
-	Iron	-	noun	6	-	-	-	foreign	-
-	Islamic	-	noun	5	-	-	-	foreign	-
-	Island	-	noun	5	-	-	-	foreign	-
-	Islanders	-	noun	5	-	-	-	foreign	-
-	It	-	noun	5	-	-	-	foreign	-
-	Italy	-	noun	1	-	-	-	foreign	-
-	Item	-	noun	5	-	-	-	foreign	-
-	Jackets	-	noun	5	-	-	-	foreign	-
-	Jam	-	noun	5	-	-	-	foreign	-
-	Janeiro	-	noun	1	-	-	-	foreign	-
-	January	-	noun	1	-	-	-	foreign	-
-	Japan	-	noun	6	-	-	-	foreign	-
-	Japanese	-	noun	8	-	-	-	foreign	-
-	Jardin	-	noun	5	-	-	-	foreign	-
-	Jet	-	noun	5	-	-	-	foreign	-
-	Jets	-	noun	5	-	-	-	foreign	-
-	Jewish	-	noun	5	-	-	-	foreign	-
-	Joker	-	noun	6	-	-	-	foreign	-
-	Journal	-	noun	6	-	-	-	foreign	-
-	Journey	-	noun	21	-	front|back	i|y	foreign	-
-	Jr	-	noun	!	-	-	-	foreign	-
-	Judas	-	noun	5	-	-	-	foreign	-
-	Juice	-	noun	8	-	-	-	foreign	-
-	Julmust	-	noun	5	-	-	-	foreign	-
-	July	-	noun	1	-	-	-	foreign	-
-	Jump	-	noun	5	-	-	-	foreign	-
-	June	-	noun	8	-	-	-	foreign	-
-	Junk	-	noun	5	-	-	-	foreign	-
-	Jurassic	-	noun	5	-	-	-	foreign	-
-	Justice	-	noun	8	-	-	-	foreign	-
-	Karelia	-	noun	12	-	-	-	foreign	-
-	Kart	-	noun	5	-	-	-	foreign	-
-	Kid	-	noun	5	-	-	-	foreign	-
-	Kids	-	noun	5	-	-	-	foreign	-
-	Kill	-	noun	5	-	-	-	foreign	-
-	Killer	-	noun	6	-	-	-	foreign	-
-	Kin	-	noun	5	-	-	-	foreign	-
-	King	-	noun	5	-	-	-	foreign	-
-	Kingdom	-	noun	5	-	-	-	foreign	-
-	Kings	-	noun	5	-	-	-	foreign	-
-	Knife	-	noun	8	-	-	-	foreign	-
-	Knight	-	noun	5	-	-	-	foreign	-
-	Knights	-	noun	5	-	-	-	foreign	-
-	Know	-	noun	22|†5	-	-	u	foreign	-
-	Kong	-	noun	5	-	-	-	foreign	-
-	Koran	-	noun	6	-	-	-	foreign	-
-	Kronor	-	noun	5	-	-	-	foreign	-
-	Lab	-	noun	5	-	-	-	foreign	-
-	Lactobacillus	-	noun	39	-	-	-	foreign	-
-	Lag	-	noun	5	-	-	-	foreign	-
-	Lake	-	noun	8	-	-	-	foreign	-
-	Lakers	-	noun	5	-	-	-	foreign	-
-	Land	-	noun	5	-	-	-	foreign	-
-	Lane	-	noun	8	-	-	-	foreign	-
-	Language	-	noun	8	-	-	-	foreign	-
-	Lapland	-	noun	5	-	-	-	foreign	-
-	Last	-	noun	5	-	-	-	foreign	-
-	Late	-	noun	8	-	-	-	foreign	-
-	Law	-	noun	22|†5	-	-	o	foreign	-
-	Leader	-	noun	6	-	-	-	foreign	-
-	Leaf	-	noun	5	-	-	-	foreign	-
-	League	-	noun	8	-	-	-	foreign	-
-	Lean	-	noun	5	-	-	-	foreign	-
-	Left	-	noun	5	-	-	-	foreign	-
-	Legacy	-	noun	1	-	-	-	foreign	-
-	Legal	-	noun	6	-	-	-	foreign	-
-	Legend	-	noun	5	-	-	-	foreign	-
-	Legends	-	noun	5	-	-	-	foreign	-
-	Legion	-	noun	6	-	-	-	foreign	-
-	Lemon	-	noun	6	-	-	-	foreign	-
-	Lens	-	noun	5	-	-	-	foreign	-
-	Lesson	-	noun	6	-	-	-	foreign	-
-	Let	-	noun	5	-	-	-	foreign	-
-	Lex	-	noun	5	-	-	-	foreign	-
-	Liberty	-	noun	1	-	-	-	foreign	-
-	Library	-	noun	1	-	-	-	foreign	-
-	Libre	-	noun	8	-	-	-	foreign	-
-	Life	-	noun	8	-	-	-	foreign	-
-	Liga	-	noun	9	-	-	-	foreign	-
-	Light	-	noun	5	-	-	-	foreign	-
-	Lightning	-	noun	5	-	-	-	foreign	-
-	Lights	-	noun	5	-	-	-	foreign	-
-	Ligue	-	noun	8|21	-	-	-	foreign	-
-	Like	-	noun	8	-	-	-	foreign	-
-	Limit	-	noun	5	-	-	-	foreign	-
-	Limited	-	noun	5	-	-	-	foreign	-
-	Lines	-	noun	5	-	-	-	foreign	-
-	Link	-	noun	5	-	-	-	foreign	-
-	Lion	-	noun	5	-	-	-	foreign	-
-	Lions	-	noun	5	-	-	-	foreign	-
-	Liquid	-	noun	5	-	-	-	foreign	-
-	Little	-	noun	8	-	-	-	foreign	-
-	Live	-	noun	8	-	-	-	foreign	-
-	Living	-	noun	5	-	-	-	foreign	-
-	Loan	-	noun	5	-	-	-	foreign	-
-	Logic	-	noun	5	-	-	-	foreign	-
-	Login	-	noun	5	-	-	-	foreign	-
-	Logistics	-	noun	5	-	-	-	foreign	-
-	London	-	noun	6	-	-	-	foreign	-
-	Long	-	noun	5	-	-	-	foreign	-
-	Lord	-	noun	5	-	-	-	foreign	-
-	Lost	-	noun	5	-	-	-	foreign	-
-	Lotus	-	noun	39|5	-	-	-	foreign	-
-	Love	-	noun	8	-	-	-	foreign	-
-	Ltd	-	noun	18B	-	-	-	abbr|foreign	-
-	Ltd.	-	noun	XX	-	-	-	abbr|foreign	-
-	Lucky	-	noun	1	-	-	-	foreign	-
-	Lugn	-	noun	5	-	-	-	foreign	-
-	Luna	-	noun	10	-	-	-	foreign	-
-	Lunar	-	noun	6	-	-	-	foreign	-
-	Lunch	-	noun	5	-	-	-	foreign	-
-	Lögn	-	noun	5	-	-	-	foreign	-
-	Machine	-	noun	8	-	-	-	foreign	-
-	Mad	-	noun	5	-	-	-	foreign	-
-	Magasin	-	noun	5	-	-	-	foreign	-
-	Magazine	-	noun	8	-	-	-	foreign	-
-	Magic	-	noun	5	-	-	-	foreign	-
-	Maiden	-	noun	6	-	-	-	foreign	-
-	Mail	-	noun	5	-	-	-	foreign	-
-	Main	-	noun	5	-	-	-	foreign	-
-	Major	-	noun	6	-	-	-	foreign	-
-	Make	-	noun	8	-	-	-	foreign	-
-	Mall	-	noun	5	-	-	-	foreign	-
-	Man	-	noun	5	-	-	-	foreign	-
-	Mana	-	noun	9	-	-	-	foreign	-
-	Management	-	noun	5	-	-	-	foreign	-
-	Manager	-	noun	6	-	-	-	foreign	-
-	Mansion	-	noun	6	-	-	-	foreign	-
-	Many	-	noun	1	-	-	-	foreign	-
-	March	-	noun	5	-	-	-	foreign	-
-	Mariehamn	-	noun	5	-	-	-	foreign	-
-	Market	-	noun	5	-	-	-	foreign	-
-	Massage	-	noun	8	-	-	-	foreign	-
-	Master	-	noun	6	-	-	-	foreign	-
-	Masters	-	noun	5	-	-	-	foreign	-
-	Math	-	noun	5	-	-	-	foreign	-
-	Mathematics	-	noun	5	-	-	-	foreign	-
-	Maximus	-	noun	5|39	-	-	-	foreign	-
-	May	-	noun	21	-	front|back	i|y	foreign	-
-	Me	-	noun	21	-	-	-	foreign	-
-	Meat	-	noun	5	-	-	-	foreign	-
-	Mechanics	-	noun	5	-	-	-	foreign	-
-	Medal	-	noun	6	-	-	-	foreign	-
-	Media	-	noun	12	-	-	-	foreign	-
-	Medical	-	noun	5	-	-	-	foreign	-
-	Medicine	-	noun	8	-	-	-	foreign	-
-	Melodies	-	noun	5	-	-	-	foreign	-
-	Melody	-	noun	2	-	-	-	foreign	-
-	Memorial	-	noun	5	-	-	-	foreign	-
-	Memory	-	noun	1	-	-	-	foreign	-
-	Men	-	noun	5	-	-	-	foreign	-
-	Metal	-	noun	6	-	-	-	foreign	-
-	Metaphysics	-	noun	5	-	-	-	foreign	-
-	Metropolitan	-	noun	5	-	-	-	foreign	-
-	Mexico	-	noun	1	-	-	-	foreign	-
-	Microsystems	-	noun	5	-	-	-	foreign	-
-	Middle	-	noun	8	-	-	-	foreign	-
-	Midnight	-	noun	5	-	-	-	foreign	-
-	Might	-	noun	5	-	-	-	foreign	-
-	Mighty	-	noun	1	-	-	-	foreign	-
-	Milk	-	noun	5	-	-	-	foreign	-
-	Millennium	-	noun	5	-	back	-	foreign	-
-	Million	-	noun	6	-	-	-	foreign	-
-	Mind	-	noun	5	-	-	-	foreign	-
-	Mining	-	noun	5	-	-	-	foreign	-
-	Mint	-	noun	5	-	-	-	foreign	-
-	Minute	-	noun	8	-	-	-	foreign	-
-	Miracle	-	noun	8	-	-	-	foreign	-
-	Miss	-	noun	!	-	-	-	foreign	-
-	Mission	-	noun	6	-	-	-	foreign	-
-	Mode	-	noun	8	-	-	-	foreign	-
-	Model	-	noun	6	-	-	-	foreign	-
-	Modern	-	noun	5	-	-	-	foreign	-
-	Monday	-	noun	21	-	front|back	i|y	foreign	-
-	Monetary	-	noun	1	-	-	-	foreign	-
-	Money	-	noun	21	-	front|back	i|y	foreign	-
-	Monitor	-	noun	6	-	-	-	foreign	-
-	Monkey	-	noun	21	-	front|back	i|y	foreign	-
-	Monster	-	noun	6	-	-	-	foreign	-
-	Monsters	-	noun	5	-	-	-	foreign	-
-	Monte	-	noun	8	-	-	-	foreign	-
-	Month	-	noun	5	-	-	-	foreign	-
-	Moomin	-	noun	5	-	-	-	foreign	-
-	Moon	-	noun	5	-	-	-	foreign	-
-	More	-	noun	8	-	-	-	foreign	-
-	Morning	-	noun	5	-	-	-	foreign	-
-	Mortal	-	noun	6	-	-	-	foreign	-
-	Moscow	-	noun	22|†5	-	-	u	foreign	-
-	Motel	-	noun	5	-	-	-	foreign	-
-	Motor	-	noun	6	-	-	-	foreign	-
-	Motors	-	noun	5	-	-	-	foreign	-
-	Mount	-	noun	5	-	-	-	foreign	-
-	Mountain	-	noun	5	-	-	-	foreign	-
-	Mouth	-	noun	5	-	-	-	foreign	-
-	Movement	-	noun	5	-	-	-	foreign	-
-	Movie	-	noun	8|21	-	-	-	foreign	-
-	Murder	-	noun	6	-	-	-	foreign	-
-	Museum	-	noun	5	-	-	-	foreign	-
-	Music	-	noun	5	-	-	-	foreign	-
-	Musical	-	noun	?6	-	-	-	foreign	-
-	Muslim	-	noun	5	-	-	-	foreign	-
-	Mutant	-	noun	5	-	-	-	foreign	-
-	Mysteries	-	noun	5	-	-	-	foreign	-
-	Mystery	-	noun	1	-	-	-	foreign	-
-	Nacional	-	noun	6	-	-	-	foreign	-
-	Nail	-	noun	5	-	-	-	foreign	-
-	Nails	-	noun	5	-	-	-	foreign	-
-	Name	-	noun	8	-	-	-	foreign	-
-	Nation	-	noun	6	-	-	-	foreign	-
-	National	-	noun	5	-	-	-	foreign	-
-	Natural	-	noun	5	-	-	-	foreign	-
-	Nature	-	noun	8	-	-	-	foreign	-
-	Network	-	noun	5	-	-	-	foreign	-
-	Neutron	-	noun	6	-	-	-	foreign	-
-	Never	-	noun	6	-	-	-	foreign	-
-	New	-	noun	22|†5	-	-	u	foreign	-
-	News	-	noun	5	-	-	-	foreign	-
-	Next	-	noun	5	-	-	-	foreign	-
-	Night	-	noun	5	-	-	-	foreign	-
-	Nightmare	-	noun	8	-	-	-	foreign	-
-	Nights	-	noun	5	-	-	-	foreign	-
-	Nine	-	noun	8	-	-	-	foreign	-
-	Nineteen	-	noun	5	-	-	-	foreign	-
-	Ninety	-	noun	1	-	-	-	foreign	-
-	Ninja	-	noun	9	-	-	-	foreign	-
-	Ninth	-	noun	5	-	-	-	foreign	-
-	Nižni	-	noun	5	-	-	-	foreign	-
-	Noble	-	noun	8	-	-	-	foreign	-
-	Noir	-	noun	5	-	-	-	foreign	-
-	None	-	noun	8	-	-	-	foreign	-
-	Nord	-	noun	5	-	-	-	foreign	-
-	Norden	-	noun	5	-	-	-	foreign	-
-	Nordic	-	noun	5	-	-	-	foreign	-
-	Norra	-	noun	10	-	-	-	foreign	-
-	North	-	noun	5	-	-	-	foreign	-
-	Northern	-	noun	5	-	-	-	foreign	-
-	Norway	-	noun	21	-	front|back	i|y	foreign	-
-	Nothing	-	noun	5	-	-	-	foreign	-
-	Notre	-	noun	8	-	-	-	foreign	-
-	November	-	noun	6	-	-	-	foreign	-
-	Novosti	-	noun	5	-	-	-	foreign	-
-	Now	-	noun	22|†5	-	-	u	foreign	-
-	Ny	-	noun	21	-	-	-	foreign	-
-	Nyheter	-	noun	6	-	-	-	foreign	-
-	Nyland	-	noun	5	-	-	-	foreign	-
-	OS	-	noun	10B	-	-	-	foreign	-
-	Oaks	-	noun	5	-	-	-	foreign	-
-	Oasis	-	noun	5|39	-	-	-	foreign	-
-	Object	-	noun	5	-	-	-	foreign	-
-	Observatory	-	noun	1	-	-	-	foreign	-
-	Observer	-	noun	6	-	-	-	foreign	-
-	Ocean	-	noun	5	-	-	-	foreign	-
-	October	-	noun	6	-	-	-	foreign	-
-	Odyssey	-	noun	21	-	front|back	i|y	foreign	-
-	Off	-	noun	5	-	-	-	foreign	-
-	Offensive	-	noun	8	-	-	-	foreign	-
-	Office	-	noun	8	-	-	-	foreign	-
-	Offline	-	noun	8	-	-	-	foreign	-
-	Oil	-	noun	5	-	-	-	foreign	-
-	Old	-	noun	5	-	-	-	foreign	-
-	Olympic	-	noun	5	-	-	-	foreign	-
-	Olympics	-	noun	5	-	-	-	foreign	-
-	Olympique	-	noun	8|21	-	-	-	foreign	-
-	One	-	noun	8	-	-	-	foreign	-
-	Online	-	noun	8	-	-	-	foreign	-
-	Only	-	noun	1	-	-	-	foreign	-
-	Open	-	noun	6	-	-	-	foreign	-
-	Opinion	-	noun	6	-	-	-	foreign	-
-	Orange	-	noun	8	-	-	-	foreign	-
-	Orchestra	-	noun	10|12	-	-	-	foreign	-
-	Order	-	noun	6	-	-	-	foreign	-
-	Organic	-	noun	5	-	-	-	foreign	-
-	Organisation	-	noun	6	-	-	-	foreign	-
-	Organization	-	noun	6	-	-	-	foreign	-
-	Original	-	noun	6	-	-	-	foreign	-
-	Origins	-	noun	5	-	-	-	foreign	-
-	Other	-	noun	6	-	-	-	foreign	-
-	Our	-	noun	5	-	-	-	foreign	-
-	Over	-	noun	6	-	-	-	foreign	-
-	Oxygen	-	noun	6	-	-	-	foreign	-
-	Pacific	-	noun	5	-	-	-	foreign	-
-	Pack	-	noun	5	-	-	-	foreign	-
-	Pagan	-	noun	6	-	-	-	foreign	-
-	Page	-	noun	8	-	-	-	foreign	-
-	Pages	-	noun	5	-	-	-	foreign	-
-	Pain	-	noun	5	-	-	-	foreign	-
-	Palace	-	noun	8	-	-	-	foreign	-
-	Palacio	-	noun	3	-	-	-	foreign	-
-	Palazzo	-	noun	1	-	-	-	foreign	-
-	Palmas	-	noun	5|†39	-	-	-	foreign	-
-	Pan	-	noun	5	-	-	-	foreign	-
-	Panthers	-	noun	5	-	-	-	foreign	-
-	Paradise	-	noun	8	-	-	-	foreign	-
-	Paris	-	noun	5	-	-	-	foreign	-
-	Park	-	noun	5	-	-	-	foreign	-
-	Part	-	noun	5	-	-	-	foreign	-
-	Partners	-	noun	5	-	-	-	foreign	-
-	Party	-	noun	1	-	front|back	-	foreign	-
-	Passion	-	noun	6	-	-	-	foreign	-
-	Paste	-	noun	8	-	-	-	foreign	-
-	Path	-	noun	5	-	-	-	foreign	-
-	Patriots	-	noun	5	-	-	-	foreign	-
-	Peace	-	noun	8	-	-	-	foreign	-
-	Pearl	-	noun	5	-	-	-	foreign	-
-	Pen	-	noun	5	-	-	-	foreign	-
-	Penguins	-	noun	5	-	-	-	foreign	-
-	Penny	-	noun	1	-	front	-	foreign	-
-	People	-	noun	8	-	-	-	foreign	-
-	Person	-	noun	6	-	-	-	foreign	-
-	Personal	-	noun	6	-	-	-	foreign	-
-	Pet	-	noun	5	-	-	-	foreign	-
-	Petition	-	noun	6	-	-	-	foreign	-
-	Phantom	-	noun	5	-	-	-	foreign	-
-	Pharma	-	noun	9	-	-	-	foreign	-
-	Philosophy	-	noun	1	-	-	-	foreign	-
-	Phone	-	noun	8	-	-	-	foreign	-
-	Photon	-	noun	6	-	-	-	foreign	-
-	Physics	-	noun	5	-	-	-	foreign	-
-	Pictures	-	noun	5	-	-	-	foreign	-
-	Piece	-	noun	8	-	-	-	foreign	-
-	Pin	-	noun	5	-	-	-	foreign	-
-	Pinball	-	noun	5	-	-	-	foreign	-
-	Pirates	-	noun	5	-	-	-	foreign	-
-	Pistol	-	noun	6	-	-	-	foreign	-
-	Place	-	noun	8	-	-	-	foreign	-
-	Placid	-	noun	5	-	-	-	foreign	-
-	Plain	-	noun	5	-	-	-	foreign	-
-	Plan	-	noun	6	-	-	-	foreign	-
-	Plane	-	noun	8	-	-	-	foreign	-
-	Planet	-	noun	5	-	-	-	foreign	-
-	Plant	-	noun	5	-	-	-	foreign	-
-	Plastic	-	noun	5	-	-	-	foreign	-
-	Platinum	-	noun	5	-	-	-	foreign	-
-	Platoon	-	noun	5	-	-	-	foreign	-
-	Play	-	noun	21	-	front|back	i|y	foreign	-
-	Playa	-	noun	9	-	-	-	foreign	-
-	Player	-	noun	6	-	-	-	foreign	-
-	Plaza	-	noun	9	-	-	-	foreign	-
-	Point	-	noun	5	-	-	-	foreign	-
-	Poison	-	noun	6	-	-	-	foreign	-
-	Poker	-	noun	6	-	-	-	foreign	-
-	Polar	-	noun	6	-	-	-	foreign	-
-	Policy	-	noun	1	-	front|back	-	foreign	-
-	Political	-	noun	5	-	-	-	foreign	-
-	Pont	-	noun	5	-	-	-	foreign	-
-	Ponte	-	noun	8	-	-	-	foreign	-
-	Port	-	noun	5	-	-	-	foreign	-
-	Portal	-	noun	6	-	-	-	foreign	-
-	Portugal	-	noun	6	-	-	-	foreign	-
-	Post	-	noun	5	-	-	-	foreign	-
-	Potato	-	noun	2	-	-	-	foreign	-
-	Pound	-	noun	5	-	-	-	foreign	-
-	Power	-	noun	6	-	-	-	foreign	-
-	Pradesh	-	noun	5	-	-	-	foreign	-
-	Predator	-	noun	5	-	-	-	foreign	-
-	Predators	-	noun	5	-	-	-	foreign	-
-	Premium	-	noun	5	-	-	-	foreign	-
-	Press	-	noun	5	-	-	-	foreign	-
-	Pride	-	noun	8	-	front|back	-	foreign	-
-	Priest	-	noun	5	-	-	-	foreign	-
-	Prime	-	noun	8	-	-	-	foreign	-
-	Prince	-	noun	8	-	-	-	foreign	-
-	Princess	-	noun	5	-	-	-	foreign	-
-	Prix	-	noun	22|†5	-	-	i	foreign	-
-	Prize	-	noun	8	-	-	-	foreign	-
-	Pro	-	noun	21	-	-	-	foreign	-
-	Problem	-	noun	5	-	-	-	foreign	-
-	Productions	-	noun	5	-	-	-	foreign	-
-	Professional	-	noun	5	-	-	-	foreign	-
-	Professionel	-	noun	?6	-	-	-	foreign	-
-	Professionelle	-	noun	8	-	-	-	foreign	-
-	Professor	-	noun	6	-	-	-	foreign	-
-	Profile	-	noun	8	-	-	-	foreign	-
-	Project	-	noun	5	-	-	-	foreign	-
-	Prologue	-	noun	8|21	-	-	-	foreign	-
-	Protected	-	noun	5	-	-	-	foreign	-
-	Protocol	-	noun	5	-	-	-	foreign	-
-	Proton	-	noun	6	-	-	-	foreign	-
-	Pub	-	noun	5	-	-	-	foreign	-
-	Public	-	noun	5	-	-	-	foreign	-
-	Publications	-	noun	5	-	-	-	foreign	-
-	Publishers	-	noun	5	-	-	-	foreign	-
-	Publishing	-	noun	5	-	-	-	foreign	-
-	Puerto	-	noun	1	-	-	-	foreign	-
-	Pure	-	noun	8	-	-	-	foreign	-
-	Purple	-	noun	8	-	-	-	foreign	-
-	Pussy	-	noun	1	-	-	-	foreign	-
-	Python	-	noun	6	-	-	-	foreign	-
-	Quantum	-	noun	6	-	-	-	foreign	-
-	Quarter	-	noun	6	-	-	-	foreign	-
-	Queen	-	noun	5	-	-	-	foreign	-
-	Quest	-	noun	5	-	-	-	foreign	-
-	Quit	-	noun	5	-	-	-	foreign	-
-	RMS	-	noun	10B	-	-	-	foreign	-
-	Race	-	noun	8	-	-	-	foreign	-
-	Racing	-	noun	5	-	-	-	foreign	-
-	Railroad	-	noun	5	-	-	-	foreign	-
-	Railway	-	noun	21	-	front|back	-	foreign	-
-	Rainbow	-	noun	22|†5	-	-	u	foreign	-
-	Rainforest	-	noun	5	-	-	-	foreign	-
-	Rajah	-	noun	5|22	-	-	-	foreign	-
-	Ranch	-	noun	5	-	-	-	foreign	-
-	Range	-	noun	8	-	-	-	foreign	-
-	Ranger	-	noun	6	-	-	-	foreign	-
-	Rangers	-	noun	5	-	-	-	foreign	-
-	Rapid	-	noun	5	-	-	-	foreign	-
-	Rapids	-	noun	5	-	-	-	foreign	-
-	Rat	-	noun	5	-	-	-	foreign	-
-	Rate	-	noun	8	-	-	-	foreign	-
-	Ratio	-	noun	3	-	-	-	foreign	-
-	Ration	-	noun	6	-	-	-	foreign	-
-	Rats	-	noun	5	-	-	-	foreign	-
-	Read	-	noun	5	-	-	-	foreign	-
-	Real	-	noun	5	-	-	-	foreign	-
-	Reason	-	noun	6	-	-	-	foreign	-
-	Rebellion	-	noun	5	-	-	-	foreign	-
-	Record	-	noun	5	-	-	-	foreign	-
-	Records	-	noun	5	-	-	-	foreign	-
-	Red	-	noun	5	-	-	-	foreign	-
-	Redux	-	noun	5	-	-	-	foreign	-
-	Relax	-	noun	5	-	-	-	foreign	-
-	Release	-	noun	8	-	-	-	foreign	-
-	Religion	-	noun	5	-	-	-	foreign	-
-	Remake	-	noun	8	-	-	-	foreign	-
-	Remix	-	noun	5	-	-	-	foreign	-
-	Report	-	noun	5	-	-	-	foreign	-
-	Reporter	-	noun	6	-	-	-	foreign	-
-	Republic	-	noun	5	-	-	-	foreign	-
-	Republika	-	noun	13	-	-	-	foreign	-
-	República	-	noun	13	-	-	-	foreign	-
-	Requiem	-	noun	5	-	back	-	foreign	-
-	Research	-	noun	5	-	-	-	foreign	-
-	Resident	-	noun	5	-	-	-	foreign	-
-	Resort	-	noun	5	-	-	-	foreign	-
-	Respublika	-	noun	14	-	-	-	foreign	-
-	Return	-	noun	5	-	-	-	foreign	-
-	Revenge	-	noun	8	-	-	-	foreign	-
-	Rhapsody	-	noun	1	-	-	-	foreign	-
-	Rhythm	-	noun	5	-	-	-	foreign	-
-	Rice	-	noun	8	-	-	-	foreign	-
-	Rich	-	noun	5	-	-	-	foreign	-
-	Ride	-	noun	8	-	-	-	foreign	-
-	Ridge	-	noun	8	-	-	-	foreign	-
-	Rifle	-	noun	8	-	-	-	foreign	-
-	Right	-	noun	5	-	-	-	foreign	-
-	Rights	-	noun	5	-	-	-	foreign	-
-	Rise	-	noun	8	-	-	-	foreign	-
-	Rising	-	noun	5	-	-	-	foreign	-
-	River	-	noun	6	-	-	-	foreign	-
-	Road	-	noun	5	-	-	-	foreign	-
-	Rock	-	noun	5	-	back	-	foreign	-
-	Rocks	-	noun	5	-	-	-	foreign	-
-	Roll	-	noun	5	-	-	-	foreign	-
-	Rolling	-	noun	5	-	-	-	foreign	-
-	Roma	-	noun	10	-	-	-	foreign	-
-	Roman	-	noun	6	-	-	-	foreign	-
-	Romantic	-	noun	5	-	-	-	foreign	-
-	Room	-	noun	5	-	-	-	foreign	-
-	Roosters	-	noun	5	-	-	-	foreign	-
-	Roses	-	noun	5	-	-	-	foreign	-
-	Rotten	-	noun	6	-	-	-	foreign	-
-	Row	-	noun	22|5	-	-	-	foreign	-
-	Royal	-	noun	6	-	-	-	foreign	-
-	Royale	-	noun	8	-	-	-	foreign	-
-	Royals	-	noun	5	-	-	-	foreign	-
-	Ruby	-	noun	1	-	-	-	foreign	-
-	Rugby	-	noun	1	-	front|back	-	foreign	-
-	Run	-	noun	5	-	-	-	foreign	-
-	Rural	-	noun	6	-	-	-	foreign	-
-	Rush	-	noun	5	-	-	-	foreign	-
-	Russia	-	noun	12	-	-	-	foreign	-
-	Russian	-	noun	6	-	-	-	foreign	-
-	Sabbath	-	noun	5	-	-	-	foreign	-
-	Sabres	-	noun	5	-	-	-	foreign	-
-	Sacred	-	noun	5	-	-	-	foreign	-
-	Safety	-	noun	1	-	front|back	-	foreign	-
-	Saffron	-	noun	6	-	-	-	foreign	-
-	Saga	-	noun	9	-	-	-	foreign	-
-	Saint	-	noun	5	-	-	-	foreign	-
-	Saints	-	noun	5	-	-	-	foreign	-
-	Salon	-	noun	!	-	-	-	foreign	-
-	Salt	-	noun	5	-	-	-	foreign	-
-	Sankt	-	noun	5	-	-	-	foreign	-
-	Sao	-	noun	1	-	-	-	foreign	-
-	Sapphire	-	noun	8	-	-	-	foreign	-
-	Satellite	-	noun	8	-	-	-	foreign	-
-	Satin	-	noun	5	-	-	-	foreign	-
-	Saturday	-	noun	21	-	front|back	i|y	foreign	-
-	Savage	-	noun	8	-	-	-	foreign	-
-	Say	-	noun	21	-	front|back	-	foreign	-
-	Scala	-	noun	9	-	-	-	foreign	-
-	Scandinavia	-	noun	12	-	-	-	foreign	-
-	Scandinavian	-	noun	5	-	-	-	foreign	-
-	Scenic	-	noun	5	-	-	-	foreign	-
-	School	-	noun	5	-	-	-	foreign	-
-	Science	-	noun	8	-	-	-	foreign	-
-	Scientific	-	noun	5	-	-	-	foreign	-
-	Scrolls	-	noun	5	-	-	-	foreign	-
-	Sea	-	noun	9	-	-	-	foreign	-
-	Search	-	noun	5	-	-	-	foreign	-
-	Season	-	noun	6	-	-	-	foreign	-
-	Second	-	noun	5	-	-	-	foreign	-
-	Secret	-	noun	5	-	-	-	foreign	-
-	Security	-	noun	1	-	front|back	-	foreign	-
-	Seen	-	noun	5	-	-	-	foreign	-
-	Segunda	-	noun	10	-	-	-	foreign	-
-	September	-	noun	6	-	-	-	foreign	-
-	Serie	-	noun	8|21	-	-	-	foreign	-
-	Series	-	noun	5	-	-	-	foreign	-
-	Server	-	noun	6	-	-	-	foreign	-
-	Service	-	noun	8	-	-	-	foreign	-
-	Services	-	noun	5	-	-	-	foreign	-
-	Seven	-	noun	6	-	-	-	foreign	-
-	Seventeen	-	noun	5	-	-	-	foreign	-
-	Seventh	-	noun	5	-	-	-	foreign	-
-	Seventy	-	noun	1	-	-	-	foreign	-
-	Sex	-	noun	5	-	-	-	foreign	-
-	Shadow	-	noun	22|†5	-	-	u	foreign	-
-	Shadows	-	noun	5	-	-	-	foreign	-
-	Sharks	-	noun	5	-	-	-	foreign	-
-	She	-	noun	21	-	-	-	foreign	-
-	Shimbun	-	noun	6	-	-	-	foreign	-
-	Shinbun	-	noun	6	-	-	-	foreign	-
-	Shipbuilding	-	noun	5	-	-	-	foreign	-
-	Shipping	-	noun	5	-	-	-	foreign	-
-	Shit	-	noun	5	-	-	-	foreign	-
-	Shop	-	noun	5	-	back	-	foreign	-
-	Sierra	-	noun	9	-	-	-	foreign	-
-	Sign	-	noun	5	-	-	-	foreign	-
-	Silence	-	noun	8	-	-	-	foreign	-
-	Silicon	-	noun	6	-	-	-	foreign	-
-	Silver	-	noun	6	-	-	-	foreign	-
-	Simulator	-	noun	6	-	-	-	foreign	-
-	Sin	-	noun	5	-	-	-	foreign	-
-	Singer	-	noun	6	-	-	-	foreign	-
-	Sir	-	noun	5	-	-	-	foreign	-
-	Sisters	-	noun	6	-	-	-	foreign	-
-	Six	-	noun	5	-	-	-	foreign	-
-	Sixteen	-	noun	5	-	-	-	foreign	-
-	Sixth	-	noun	5	-	-	-	foreign	-
-	Sixty	-	noun	1	-	-	-	foreign	-
-	Ski	-	noun	18	-	-	-	foreign	-
-	Skin	-	noun	5	-	-	-	foreign	-
-	Sky	-	noun	21	-	front|back	y	foreign	-
-	Slam	-	noun	5	-	-	-	foreign	-
-	Slash	-	noun	5	-	-	-	foreign	-
-	Smart	-	noun	5	-	-	-	foreign	-
-	Smash	-	noun	5	-	-	-	foreign	-
-	Snake	-	noun	8	-	-	-	foreign	-
-	Snow	-	noun	22	-	-	u	foreign	-
-	Soccer	-	noun	6	-	-	-	foreign	-
-	Social	-	noun	5	-	-	-	foreign	-
-	Sociedad	-	noun	5	-	-	-	foreign	-
-	Society	-	noun	2	-	front|back	-	foreign	-
-	Software	-	noun	8	-	-	-	foreign	-
-	Solar	-	noun	6	-	-	-	foreign	-
-	Solid	-	noun	5	-	-	-	foreign	-
-	Solo	-	noun	1	-	-	-	foreign	-
-	Solutions	-	noun	5	-	-	-	foreign	-
-	Something	-	noun	5	-	-	-	foreign	-
-	Son	-	noun	5	-	-	-	foreign	-
-	Sonata	-	noun	9	-	-	-	foreign	-
-	Song	-	noun	5	-	-	-	foreign	-
-	Songs	-	noun	5	-	-	-	foreign	-
-	Sonic	-	noun	5	-	-	-	foreign	-
-	Sons	-	noun	5	-	-	-	foreign	-
-	Soul	-	noun	5	-	-	-	foreign	-
-	Souls	-	noun	5	-	-	-	foreign	-
-	Sound	-	noun	5	-	-	-	foreign	-
-	Soundtrack	-	noun	5	-	-	-	foreign	-
-	South	-	noun	5	-	-	-	foreign	-
-	Southern	-	noun	5	-	-	-	foreign	-
-	Space	-	noun	8	-	-	-	foreign	-
-	Spain	-	noun	5	-	-	-	foreign	-
-	Special	-	noun	5	-	-	-	foreign	-
-	Speed	-	noun	5	-	-	-	foreign	-
-	Sphere	-	noun	8	-	-	-	foreign	-
-	Spice	-	noun	8	-	-	-	foreign	-
-	Spiegel	-	noun	6	-	-	-	foreign	-
-	Spirit	-	noun	5	-	-	-	foreign	-
-	Sport	-	noun	5	-	-	-	foreign	-
-	Sporting	-	noun	5	-	-	-	foreign	-
-	Sports	-	noun	5	-	-	-	foreign	-
-	Springs	-	noun	5	-	-	-	foreign	-
-	Spy	-	noun	21	-	-	-	foreign	-
-	Square	-	noun	8	-	-	-	foreign	-
-	Stage	-	noun	8	-	-	-	foreign	-
-	Stand	-	noun	5	-	-	-	foreign	-
-	Standard	-	noun	5	-	-	-	foreign	-
-	Star	-	noun	6	-	-	-	foreign	-
-	Stars	-	noun	5	-	-	-	foreign	-
-	Start	-	noun	5	-	-	-	foreign	-
-	State	-	noun	8	-	-	-	foreign	-
-	States	-	noun	5	-	-	-	foreign	-
-	Station	-	noun	6	-	-	-	foreign	-
-	Steel	-	noun	5	-	-	-	foreign	-
-	Steelers	-	noun	5	-	-	-	foreign	-
-	Sten	-	noun	6	-	-	-	foreign	-
-	Still	-	noun	5	-	-	-	foreign	-
-	Stockholm	-	noun	5	-	-	-	foreign	-
-	Stone	-	noun	8	-	-	-	foreign	-
-	Stones	-	noun	5	-	-	-	foreign	-
-	Stora	-	noun	10	-	-	-	foreign	-
-	Storage	-	noun	8	-	-	-	foreign	-
-	Store	-	noun	8	-	-	-	foreign	-
-	Stories	-	noun	5	-	-	-	foreign	-
-	Storm	-	noun	5	-	-	-	foreign	-
-	Story	-	noun	1	-	-	-	foreign	-
-	Strada	-	noun	9	-	-	-	foreign	-
-	Strange	-	noun	8	-	-	-	foreign	-
-	Stream	-	noun	5	-	-	-	foreign	-
-	Street	-	noun	5	-	-	-	foreign	-
-	Striker	-	noun	6	-	-	-	foreign	-
-	String	-	noun	5	-	-	-	foreign	-
-	Studies	-	noun	5	-	-	-	foreign	-
-	Studio	-	noun	5	-	-	-	foreign	-
-	Studios	-	noun	5	-	-	-	foreign	-
-	Study	-	noun	1	-	-	-	foreign	-
-	Style	-	noun	8	-	-	-	foreign	-
-	Sugar	-	noun	6	-	-	-	foreign	-
-	Suicide	-	noun	8	-	-	-	foreign	-
-	Suisse	-	noun	8	-	-	-	foreign	-
-	Summer	-	noun	6	-	-	-	foreign	-
-	Sun	-	noun	5	-	-	-	foreign	-
-	Sunday	-	noun	21	-	front|back	i|y	foreign	-
-	Sunny	-	noun	1	-	-	-	foreign	-
-	Super	-	noun	6	-	-	-	foreign	-
-	Surgery	-	noun	2	-	front|back	-	foreign	-
-	Survey	-	noun	21	-	front|back	i|y	foreign	-
-	Svenska	-	noun	9	-	-	-	foreign	-
-	Sverige	-	noun	8	-	-	-	foreign	-
-	Swan	-	noun	5	-	-	-	foreign	-
-	Sweden	-	noun	6	-	-	-	foreign	-
-	Swedish	-	noun	5	-	-	-	foreign	-
-	Sweet	-	noun	5	-	-	-	foreign	-
-	Sword	-	noun	5	-	-	-	foreign	-
-	System	-	noun	5	-	-	-	foreign	-
-	Systems	-	noun	5	-	-	-	foreign	-
-	Take	-	noun	8	-	-	-	foreign	-
-	Tale	-	noun	8	-	-	-	foreign	-
-	Tales	-	noun	5	-	-	-	foreign	-
-	Talk	-	noun	5	-	-	-	foreign	-
-	Tattoo	-	noun	21	-	-	u|o	foreign	-
-	Tavern	-	noun	5	-	-	-	foreign	-
-	Team	-	noun	5	-	-	-	foreign	-
-	Technologies	-	noun	5	-	-	-	foreign	-
-	Technology	-	noun	1	-	-	-	foreign	-
-	Teen	-	noun	5	-	-	-	foreign	-
-	Teenage	-	noun	8	-	-	-	foreign	-
-	Temple	-	noun	8	-	-	-	foreign	-
-	Ten	-	noun	5	-	-	-	foreign	-
-	Tennis	-	noun	5	-	-	-	foreign	-
-	Terra	-	noun	9	-	-	-	foreign	-
-	Text	-	noun	5	-	-	-	foreign	-
-	That	-	noun	5	-	-	-	foreign	-
-	Theater	-	noun	6	-	-	-	foreign	-
-	Theatre	-	noun	8	-	-	-	foreign	-
-	Them	-	noun	5	-	-	-	foreign	-
-	Then	-	noun	5	-	-	-	foreign	-
-	Theology	-	noun	1	-	-	-	foreign	-
-	Theory	-	noun	1	-	-	-	foreign	-
-	There	-	noun	8	-	-	-	foreign	-
-	They	-	noun	21	-	-	i|y	foreign	-
-	Thin	-	noun	5	-	-	-	foreign	-
-	Thing	-	noun	5	-	-	-	foreign	-
-	Things	-	noun	5	-	-	-	foreign	-
-	Third	-	noun	5	-	-	-	foreign	-
-	Thirteen	-	noun	5	-	-	-	foreign	-
-	Thirty	-	noun	1	-	-	-	foreign	-
-	This	-	noun	5	-	-	-	foreign	-
-	Thought	-	noun	5	-	-	-	foreign	-
-	Thousand	-	noun	5	-	-	-	foreign	-
-	Three	-	noun	21	-	-	i|e	foreign	-
-	Thrones	-	noun	5	-	-	-	foreign	-
-	Thunder	-	noun	6	-	-	-	foreign	-
-	Thursday	-	noun	21	-	front|back	i|y	foreign	-
-	Tiger	-	noun	6	-	-	-	foreign	-
-	Tigers	-	noun	5	-	-	-	foreign	-
-	Tile	-	noun	8	-	-	-	foreign	-
-	Time	-	noun	8	-	-	-	foreign	-
-	Times	-	noun	5	-	-	-	foreign	-
-	Titan	-	noun	6	-	-	-	foreign	-
-	Today	-	noun	21	-	front|back	i|y	foreign	-
-	Together	-	noun	6	-	-	-	foreign	-
-	Token	-	noun	6	-	-	-	foreign	-
-	Tokyo	-	noun	1	-	-	-	foreign	-
-	Tomatoes	-	noun	5	-	-	-	foreign	-
-	Tomb	-	noun	5	-	-	-	foreign	-
-	Tomorrow	-	noun	22|†5	-	-	u	foreign	-
-	Tonight	-	noun	5	-	-	-	foreign	-
-	Too	-	noun	21	-	-	u|o	foreign	-
-	Tool	-	noun	5	-	-	-	foreign	-
-	Toolbar	-	noun	5	-	-	-	foreign	-
-	Tools	-	noun	5	-	-	-	foreign	-
-	Top	-	noun	5	-	-	-	foreign	-
-	Total	-	noun	6	-	-	-	foreign	-
-	Tour	-	noun	5	-	-	-	foreign	-
-	Tower	-	noun	6	-	-	-	foreign	-
-	Town	-	noun	5	-	-	-	foreign	-
-	Toy	-	noun	21	-	-	i|y	foreign	-
-	Trade	-	noun	8	-	-	-	foreign	-
-	Trading	-	noun	5	-	-	-	foreign	-
-	Traffic	-	noun	5	-	-	-	foreign	-
-	Trails	-	noun	5	-	-	-	foreign	-
-	Train	-	noun	5	-	-	-	foreign	-
-	Trainer	-	noun	6	-	-	-	foreign	-
-	Training	-	noun	5	-	-	-	foreign	-
-	Translation	-	noun	6	-	-	-	foreign	-
-	Transparency	-	noun	2	-	front|back	-	foreign	-
-	Transportation	-	noun	6	-	-	-	foreign	-
-	Travel	-	noun	6	-	-	-	foreign	-
-	Tree	-	noun	21	-	-	-	foreign	-
-	Triangle	-	noun	8	-	-	-	foreign	-
-	Trillion	-	noun	5	-	-	-	foreign	-
-	Trinity	-	noun	1	-	-	-	foreign	-
-	Triple	-	noun	8	-	-	-	foreign	-
-	Trojans	-	noun	5	-	-	-	foreign	-
-	Trophy	-	noun	1	-	-	-	foreign	-
-	Trouble	-	noun	8	-	-	-	foreign	-
-	True	-	noun	8	-	-	-	foreign	-
-	Trust	-	noun	5	-	-	-	foreign	-
-	Truth	-	noun	5	-	-	-	foreign	-
-	Tuesday	-	noun	21	-	front|back	i|y	foreign	-
-	Twelve	-	noun	8	-	-	-	foreign	-
-	Twenty	-	noun	1	-	-	-	foreign	-
-	Twin	-	noun	5	-	-	-	foreign	-
-	Two	-	noun	21	-	-	-	foreign	-
-	Type	-	noun	8	-	-	-	foreign	-
-	U.S.	-	noun	!	-	-	-	abbr|foreign	-
-	UK	-	noun	18B	-	-	-	foreign	-
-	US	-	noun	10B	-	-	-	foreign	-
-	USS	-	noun	10B	-	-	-	foreign	-
-	UTC	-	noun	18B	-	-	-	foreign	-
-	Ukraine	-	noun	8	-	-	-	foreign	-
-	Ultimate	-	noun	8	-	-	-	foreign	-
-	Undertaker	-	noun	6	-	-	-	foreign	-
-	Union	-	noun	5	-	-	-	foreign	-
-	United	-	noun	5	-	-	-	foreign	-
-	Universal	-	noun	6	-	-	-	foreign	-
-	Universe	-	noun	8	-	-	-	foreign	-
-	Universidad	-	noun	5	-	-	-	foreign	-
-	University	-	noun	2	-	front|back	-	foreign	-
-	Université	-	noun	21	-	-	-	foreign	-
-	Unknown	-	noun	5	-	-	-	foreign	-
-	Update	-	noun	8	-	-	-	foreign	-
-	Urban	-	noun	6	-	-	-	foreign	-
-	Ursa	-	noun	10	-	-	-	foreign	-
-	Val	-	noun	!	-	-	-	foreign	-
-	Valentine	-	noun	8	-	-	-	foreign	-
-	Valley	-	noun	21	-	front|back	i|y	foreign	-
-	Vampire	-	noun	8	-	-	-	foreign	-
-	Vanity	-	noun	1	-	front|back	-	foreign	-
-	Vegetable	-	noun	8	-	-	-	foreign	-
-	Venezia	-	noun	12	-	-	-	foreign	-
-	Verde	-	noun	8	-	-	-	foreign	-
-	Verlag	-	noun	5	-	-	-	foreign	-
-	Version	-	noun	6	-	-	-	foreign	-
-	Very	-	noun	1	-	-	-	foreign	-
-	Via	-	noun	9	-	-	-	foreign	-
-	Victory	-	noun	2	-	-	-	foreign	-
-	Viking	-	noun	5	-	-	-	foreign	-
-	Village	-	noun	8	-	-	-	foreign	-
-	Virgin	-	noun	5	-	-	-	foreign	-
-	Virus	-	noun	5	-	-	-	foreign	-
-	Vision	-	noun	5	-	-	-	foreign	-
-	Visit	-	noun	5	-	-	-	foreign	-
-	Visual	-	noun	5	-	-	-	foreign	-
-	Voice	-	noun	8	-	-	-	foreign	-
-	Volley	-	noun	21	-	front|back	i|y	foreign	-
-	Volume	-	noun	8	-	-	-	foreign	-
-	Voyager	-	noun	6	-	-	-	foreign	-
-	Walk	-	noun	5	-	-	-	foreign	-
-	Walking	-	noun	5	-	-	-	foreign	-
-	Want	-	noun	5	-	-	-	foreign	-
-	War	-	noun	5	-	-	-	foreign	-
-	Warrior	-	noun	5	-	-	-	foreign	-
-	Warriors	-	noun	5	-	-	-	foreign	-
-	Wars	-	noun	5	-	-	-	foreign	-
-	Watch	-	noun	5	-	-	-	foreign	-
-	Water	-	noun	6	-	-	-	foreign	-
-	Waters	-	noun	5	-	-	-	foreign	-
-	Wave	-	noun	8	-	-	-	foreign	-
-	Way	-	noun	21	-	front|back	-	foreign	-
-	We	-	noun	21	-	-	-	foreign	-
-	Weapon	-	noun	6	-	-	-	foreign	-
-	Web	-	noun	5	-	front	-	foreign	-
-	Wednesday	-	noun	21	-	front|back	i|y	foreign	-
-	Week	-	noun	5	-	-	-	foreign	-
-	Weekly	-	noun	1	-	-	-	foreign	-
-	Well	-	noun	5	-	-	-	foreign	-
-	West	-	noun	5	-	-	-	foreign	-
-	Western	-	noun	5	-	front	-	foreign	-
-	What	-	noun	5	-	-	-	foreign	-
-	When	-	noun	5	-	-	-	foreign	-
-	Where	-	noun	8	-	-	-	foreign	-
-	White	-	noun	8	-	-	-	foreign	-
-	Why	-	noun	21	-	back	-	foreign	-
-	Wild	-	noun	5	-	-	-	foreign	-
-	Win	-	noun	5	-	-	-	foreign	-
-	Wind	-	noun	5	-	-	-	foreign	-
-	Window	-	noun	22|†5	-	-	u	foreign	-
-	Winds	-	noun	5	-	-	-	foreign	-
-	Wings	-	noun	5	-	-	-	foreign	-
-	Witch	-	noun	5	-	-	-	foreign	-
-	Wolverines	-	noun	5	-	-	-	foreign	-
-	Wolves	-	noun	5	-	-	-	foreign	-
-	Woman	-	noun	6	-	-	-	foreign	-
-	Women	-	noun	6	-	-	-	foreign	-
-	Wonder	-	noun	6	-	-	-	foreign	-
-	Wood	-	noun	5	-	-	-	foreign	-
-	Woods	-	noun	5	-	-	-	foreign	-
-	Work	-	noun	5	-	-	-	foreign	-
-	Working	-	noun	5	-	-	-	foreign	-
-	Works	-	noun	5	-	-	-	foreign	-
-	Workshop	-	noun	5	-	-	-	foreign	-
-	World	-	noun	5	-	-	-	foreign	-
-	Worlds	-	noun	5	-	-	-	foreign	-
-	Worm	-	noun	5	-	-	-	foreign	-
-	Wrath	-	noun	5	-	-	-	foreign	-
-	Wrestling	-	noun	5	-	-	-	foreign	-
-	Write	-	noun	6	-	-	-	foreign	-
-	Written	-	noun	6	-	-	-	foreign	-
-	Year	-	noun	5	-	-	-	foreign	-
-	Years	-	noun	5	-	-	-	foreign	-
-	Yellow	-	noun	22|†5	-	-	u	foreign	-
-	You	-	noun	21	-	-	-	foreign	-
-	Zeitung	-	noun	5	-	-	-	foreign	-
-	Zentrum	-	noun	5	-	-	-	foreign	-
-	Zeppelin	-	noun	5	-	-	-	foreign	-
-	Zero	-	noun	1	-	-	-	foreign	-
-	Zion	-	noun	5	-	-	-	foreign	-
-	Zombie	-	noun	8|21	-	-	-	foreign	-
-	Zombies	-	noun	5	-	-	-	foreign	-
-	Zone	-	noun	8	-	-	-	foreign	-
-	amigo	-	noun	1	-	-	-	foreign	-
-	anglais	-	noun	22|†5	-	-	e	foreign	-
-	anglaise	-	noun	8	-	-	-	foreign	-
-	finlandais	-	noun	22|†5	-	-	e	foreign	-
-	finlandaise	-	noun	8	-	-	-	foreign	-
-	français	-	noun	22|†5	-	-	e	foreign	-
-	française	-	noun	8	-	-	-	foreign	-
-	mademoiselle	-	noun	8	-	-	-	foreign	-
-	monsieur	-	noun	22|5	-	-	-	foreign	-
-	señor	-	noun	6	-	-	-	foreign	-
-	señora	-	noun	10	-	-	-	foreign	-
-	señorita	-	noun	9	-	-	-	foreign	-
-	Ágios	-	noun	5	-	-	-	foreign	-
-	Åbo	-	noun	1	-	-	-	foreign	-
-	Åland	-	noun	5	-	-	-	foreign	-
-	Ålands	-	noun	5	-	-	-	foreign	-
-	École	-	noun	8	-	-	-	foreign	-
-	Österbotten	-	noun	6	-	-	-	foreign	-
-	All-Stars	-	noun	5	-	-	-	foreign	-
-	Daesh	-	proper	5	-	-	-	foreign	-
Any	bation	-	noun	6	-	-	-	foreign	9.000
Any	cation	-	noun	6	-	-	-	foreign	9.000
Any	core	-	noun	8	-	-	-	foreign	9.000
Any	ction	-	noun	6	-	-	-	foreign	9.000
Any	dation	-	noun	6	-	-	-	foreign	9.000
Any	dom	-	noun	5	-	-	-	foreign	9.000
Any	eation	-	noun	6	-	-	-	foreign	9.000
Any	ention	-	noun	6	-	-	-	foreign	9.000
Any	garten	-	noun	6	-	-	-	foreign	9.000
Any	gation	-	noun	6	-	-	-	foreign	9.000
Any	hood	-	noun	5	-	-	-	foreign	9.000
Any	iation	-	noun	6	-	-	-	foreign	9.000
Any	ic	-	noun	5	-	-	-	foreign	9.000
Any	ing	-	noun	5	-	-	-	foreign	9.000
Any	ious	-	noun	5	-	-	-	foreign	9.000
Any	ish	-	noun	5	-	-	-	foreign	9.000
Any	ition	-	noun	6	-	-	-	foreign	9.000
Any	land	-	noun	5	-	-	-	foreign	9.000
Any	lation	-	noun	6	-	-	-	foreign	9.000
Any	mation	-	noun	6	-	-	-	foreign	9.000
Any	nation	-	noun	6	-	-	-	foreign	9.000
Any	ness	-	noun	5	-	-	-	foreign	9.000
Any	oation	-	noun	6	-	-	-	foreign	9.000
Any	pation	-	noun	6	-	-	-	foreign	9.000
Any	ption	-	noun	6	-	-	-	foreign	9.000
Any	ration	-	noun	6	-	-	-	foreign	9.000
Any	sation	-	noun	6	-	-	-	foreign	9.000
Any	sch	-	noun	5	-	-	-	foreign	9.000
Any	sche	-	noun	8	-	-	-	foreign	9.000
Any	shell	-	noun	5	-	-	-	foreign	9.000
Any	tastic	-	noun	5	-	-	-	foreign	9.000
Any	tation	-	noun	6	-	-	-	foreign	9.000
Any	tional	-	noun	6	-	-	-	foreign	9.000
Any	uation	-	noun	6	-	-	-	foreign	9.000
Any	vation	-	noun	6	-	-	-	foreign	9.000
Any	zation	-	noun	6	-	-	-	foreign	9.000
Any	é	-	noun	21|1	-	-	-	foreign	9.000
Any	ée	-	noun	20	-	-	-	foreign	9.000
Any	’s	-	noun	5	-	-	-	foreign	9.000
Cap	graphy	-	noun	1	-	-	-	foreign	9.000
Cap	ial	-	noun	5	-	-	-	foreign	9.000
Cap	ics	-	noun	5	-	-	-	foreign	9.000
Cap	ism	-	noun	5	-	-	-	foreign	9.000
Cap	ist	-	noun	5	-	-	-	foreign	9.000
Cap	logy	-	noun	1	-	-	-	foreign	9.000
Cap	oid	-	noun	5	-	-	-	foreign	9.000
Cap	pedia	-	noun	12	-	-	-	foreign	9.000
Cap	stics	-	noun	5	-	-	-	foreign	9.000
Cap	stion	-	noun	6	-	-	-	foreign	9.000
