-	Evo	-	proper	1	-	-	-	-	-
-	Kytäjä	-	proper	10	-	-	-	-	-
-	Messilä	-	proper	12	-	-	-	-	-
-	Mustio	-	proper	3	-	-	-	-	-
-	Pyynikki	-	proper	5	kk:k	-	-	-	-
-	Raja-Jooseppi	-	proper	5	pp:p	-	-	-	-
-	Rissala	-	proper	12	-	-	-	-	-
-	Vermo	-	proper	1	-	-	-	-	-
-	Aatsinki	-	proper	5	-	-	-	-	-
-	Ahjo	-	proper	1	-	-	-	-	-
-	Ahjola	-	proper	12	-	-	-	-	-
-	Ahmas	-	proper	39	-	-	-	-	-
-	Ahmoo	-	proper	17	-	-	-	-	-
-	Ahveninen	-	proper	38	-	-	-	-	-
-	Aijala	-	proper	12	-	-	-	-	-
-	Ainali	-	proper	6	-	-	-	-	-
-	Ajos	-	proper	39	-	-	-	-	-
-	Ala-Kitka	-	proper	9	-	-	-	-	-
-	Ala-Kolkki	-	proper	5	kk:k	-	-	-	-
-	Ala-Korkalo	-	proper	2	-	-	-	-	-
-	Ala-Kääntä	-	proper	10	-	-	-	-	-
-	Ala-Malmi	-	proper	5	-	-	-	-	-
-	Ala-Nampa	-	proper	9	-	-	-	-	-
-	Ala-Nurmo	-	proper	1	-	-	-	-	-
-	Ala-Okeroinen	-	proper	38	-	-	-	-	-
-	Ala-Paakkola	-	proper	12	-	-	-	-	-
-	Ala-Temmes	-	proper	39	-	-	-	-	-
-	Ala-Vuotto	-	proper	1	tt:t	-	-	-	-
-	Alavi	-	proper	5	-	-	-	-	-
-	Ali-Kerava	-	proper	10	-	-	-	-	-
-	Ali-Kirjala	-	proper	12	-	-	-	-	-
-	Allinen	-	proper	38	-	-	-	-	-
-	Alppila	-	proper	13	-	-	-	-	-
-	Alpua	-	proper	12	-	-	-	-	-
-	Alvettula	-	proper	12	-	-	-	-	-
-	Angeli	-	proper	6	-	-	-	-	-
-	Ania	-	proper	12	-	-	-	-	-
-	Ankele	-	proper	8	-	-	-	-	-
-	Ankkuri	-	proper	6	-	-	-	-	-
-	Ansku	-	proper	1	-	-	-	-	-
-	Arpela	-	proper	13	-	-	-	-	-
-	Artukainen	-	proper	38	-	-	-	-	-
-	Aseman|seutu	-	proper	1	t:d	-	-	-	-
-	Aska	-	proper	9	-	-	-	-	-
-	Askala	-	proper	12	-	-	-	-	-
-	Askisto	-	proper	1	-	-	-	-	-
-	Asmunti	-	proper	5	-	-	-	-	-
-	Asola	-	proper	12	-	-	-	-	-
-	Asuntila	-	proper	12	-	-	-	-	-
-	Auho	-	proper	1	-	-	-	-	-
-	Aunela	-	proper	13	-	-	-	-	-
-	Autti	-	proper	5	tt:t	-	-	-	-
-	Emola	-	proper	12	-	-	-	-	-
-	Empo	-	proper	1	-	-	-	-	-
-	Epilä	-	proper	12	-	-	-	-	-
-	Epoo	-	proper	17	-	-	-	-	-
-	Etelä-Paippinen	-	proper	38	-	-	-	-	-
-	Etola	-	proper	12	-	-	-	-	-
-	Etu-Ikola	-	proper	12	-	-	-	-	-
-	Etu-Töölö	-	proper	1	-	-	-	-	-
-	Fiskee	-	proper	?18|21|20	-	-	-	-	-
-	Friisilä	-	proper	12	-	-	-	-	-
-	Friitala	-	proper	12	-	-	-	-	-
-	Friiveli	-	proper	6	-	-	-	-	-
-	Friskala	-	proper	12	-	-	-	-	-
-	Haaga	-	proper	9	-	-	-	-	-
-	Haikka	-	proper	9	kk:k	-	-	-	-
-	Haikkoo	-	proper	17	-	-	-	-	-
-	Haimoo	-	proper	17	-	-	-	-	-
-	Hakkila	-	proper	13	-	-	-	-	-
-	Hakoinen	-	proper	38	-	-	-	-	-
-	Halki|vaha	-	proper	9	-	-	-	-	-
-	Hallila	-	proper	13	-	-	-	-	-
-	Hallu	-	proper	1	-	-	-	-	-
-	Haloila	-	proper	10	-	-	-	-	-
-	Halola	-	proper	12	-	-	-	-	-
-	Halssila	-	proper	13	-	-	-	-	-
-	Haltia	-	proper	12	-	-	-	-	-
-	Haltiala	-	proper	9	-	-	-	-	-
-	Haluna	-	proper	13	-	-	-	-	-
-	Hamari	-	proper	6	-	-	-	-	-
-	Hanho	-	proper	1	-	-	-	-	-
-	Hankaa	-	proper	18	-	-	-	-	-
-	Hannun|niittu	-	proper	1	tt:t	-	-	-	-
-	Hapua	-	proper	12	-	-	-	-	-
-	Harakka	-	proper	14	kk:k	-	-	-	-
-	Harhala	-	proper	12	-	-	-	-	-
-	Harittu	-	proper	1	tt:t	-	-	-	-
-	Hatsina	-	proper	13	-	-	-	-	-
-	Hatsola	-	proper	12	-	-	-	-	-
-	Hattelmala	-	proper	12	-	-	-	-	-
-	Haurala	-	proper	12	-	-	-	-	-
-	Haveri	-	proper	6	-	-	-	-	-
-	Haviseva	-	proper	?10|9	-	-	-	-	-
-	Havola	-	proper	12	-	-	-	-	-
-	Heinikka	-	proper	14	kk:k	-	-	-	-
-	Heittola	-	proper	12	-	-	-	-	-
-	Helppi	-	proper	5	pp:p	-	-	-	-
-	Hennala	-	proper	12	-	-	-	-	-
-	Henttaa	-	proper	18	-	-	-	-	-
-	Hepo|kulta	-	proper	10	lt:ll	-	-	-	-
-	Hepola	-	proper	12	-	-	-	-	-
-	Herneaho	-	proper	1	-	-	-	-	-
-	Herttuala	-	proper	9	-	-	-	-	-
-	Herukka	-	proper	14	kk:k	-	-	-	-
-	Herunen	-	proper	38	-	-	-	-	-
-	Hevos|haka	-	proper	9	k:	-	-	-	-
-	Hiironen	-	proper	38	-	-	-	-	-
-	Hiitelä	-	proper	12	-	-	-	-	-
-	Hiivola	-	proper	12	-	-	-	-	-
-	Hillilä	-	proper	12	-	-	-	-	-
-	Hinka|pyöli	-	proper	5	-	-	-	-	-
-	Hinsala	-	proper	12	-	-	-	-	-
-	Hintta	-	proper	9	tt:t	-	-	-	-
-	Hippos	-	proper	39	-	-	-	-	-
-	Hirsilä	-	proper	12	-	-	-	-	-
-	Hoilola	-	proper	12	-	-	-	-	-
-	Hoisko	-	proper	1	-	-	-	-	-
-	Holja	-	proper	10	-	-	-	-	-
-	Holli|haka	-	proper	9	k:	-	-	-	-
-	Holvasti	-	proper	5	-	-	-	-	-
-	Honkola	-	proper	12	-	-	-	-	-
-	Hossa	-	proper	10	-	-	-	-	-
-	Huhkola	-	proper	12	-	-	-	-	-
-	Huhtamo	-	proper	2	-	-	-	-	-
-	Huhti	-	proper	5	-	-	-	-	-
-	Huhus	-	proper	39	-	-	-	-	-
-	Huikas	-	proper	39	-	-	-	-	-
-	Huikko	-	proper	1	kk:k	-	-	-	-
-	Huittula	-	proper	12	-	-	-	-	-
-	Hujakkala	-	proper	12	-	-	-	-	-
-	Hukanhauta	-	proper	9	-	-	-	-	-
-	Hulkkola	-	proper	12	-	-	-	-	-
-	Hunsala	-	proper	12	-	-	-	-	-
-	Huopana	-	proper	12	-	-	-	-	-
-	Husu	-	proper	1	-	-	-	-	-
-	Husun|kulma	-	proper	10	-	-	-	-	-
-	Husula	-	proper	12	-	-	-	-	-
-	Huttula	-	proper	12	-	-	-	-	-
-	Huttulan|kangas	-	proper	41	nk:ng	-	-	-	-
-	Huuvari	-	proper	6	-	-	-	-	-
-	Hyhky	-	proper	1	-	-	-	-	-
-	Hykkilä	-	proper	12	-	-	-	-	-
-	Hyrkkälä	-	proper	12	-	-	-	-	-
-	Hyrkkölä	-	proper	12	-	-	-	-	-
-	Hyrvälä	-	proper	12	-	-	-	-	-
-	Hyvelä	-	proper	12	-	-	-	-	-
-	Hyvikkälä	-	proper	12	-	-	-	-	-
-	Hyyninen	-	proper	38	-	-	-	-	-
-	Hyypiä	-	proper	12	-	-	-	-	-
-	Hyyppä	-	proper	10	pp:p	-	-	-	-
-	Hyyrylä	-	proper	12	-	-	-	-	-
-	Hyytiälä	-	proper	10	-	-	-	-	-
-	Hyötyy	-	proper	20	-	-	-	-	-
-	Häijää	-	proper	18	-	-	-	-	-
-	Häkkilä	-	proper	12	-	-	-	-	-
-	Häntälä	-	proper	12	-	-	-	-	-
-	Härkmeri	-	proper	6	-	-	-	-	-
-	Härmälä	-	proper	12	-	-	-	-	-
-	Hätilä	-	proper	12	-	-	-	-	-
-	Höljäkkä	-	proper	14	kk:k	-	-	-	-
-	Höyhtyä	-	proper	12	-	-	-	-	-
-	Höysälä	-	proper	12	-	-	-	-	-
-	Höytölä	-	proper	12	-	-	-	-	-
-	Ihala	-	proper	12	-	-	-	-	-
-	Ihode	-	proper	8	-	-	-	-	-
-	Ikuri	-	proper	6	-	-	-	-	-
-	Illo	-	proper	1	-	-	-	-	-
-	Illoinen	-	proper	38	-	-	-	-	-
-	Ilmoila	-	proper	10	-	-	-	-	-
-	Ilpoinen	-	proper	38	-	-	-	-	-
-	Immola	-	proper	12	-	-	-	-	-
-	Immula	-	proper	12	-	-	-	-	-
-	Impola	-	proper	12	-	-	-	-	-
-	Inha	-	proper	9	-	-	-	-	-
-	Inkarila	-	proper	12	-	-	-	-	-
-	Inkee	-	proper	?18|21|20	-	-	-	-	-
-	Inkilä	-	proper	12	-	-	-	-	-
-	Inkula	-	proper	12	-	-	-	-	-
-	Intiö	-	proper	3	-	-	-	-	-
-	Irjala	-	proper	12	-	-	-	-	-
-	Iso-Heikkilä	-	proper	12	-	-	-	-	-
-	Iso-Pento	-	proper	1	-	-	-	-	-
-	Iso-Teutari	-	proper	6	-	-	-	-	-
-	Iso-Vimma	-	proper	9	-	-	-	-	-
-	Iso|niittu	-	proper	1	tt:t	-	-	-	-
-	Ispoinen	-	proper	38	-	-	-	-	-
-	Issakka	-	proper	14	kk:k	-	-	-	-
-	Itä-Hakkila	-	proper	13	-	-	-	-	-
-	Itä-Pakila	-	proper	13	-	-	-	-	-
-	Itä-Pasila	-	proper	13	-	-	-	-	-
-	Itä|keskus	-	proper	39	-	-	-	-	-
-	Itä|puoli	-	proper	26	-	-	-	-	-
-	Jaara	-	proper	9	-	-	-	-	-
-	Jaatila	-	proper	13	-	-	-	-	-
-	Jamppa	-	proper	9	pp:p	-	-	-	-
-	Janhua	-	proper	12	-	-	-	-	-
-	Jatuni	-	proper	6	-	-	-	-	-
-	Jeesiö	-	proper	3	-	-	-	-	-
-	Joen|taka	-	proper	9	k:	-	-	-	-
-	Joki|hauta	-	proper	9	t:d	-	-	-	-
-	Joki|kunta	-	proper	10	nt:nn	-	-	-	-
-	Joki|niittu	-	proper	1	tt:t	-	-	-	-
-	Joki|pii	-	proper	18	-	-	-	-	-
-	Joki|sivu	-	proper	1	-	-	-	-	-
-	Joki|varsi	-	proper	28	rt:rr	-	-	-	-
-	Jonkeri	-	proper	6	-	-	-	-	-
-	Jonku	-	proper	1	-	-	-	-	-
-	Jormua	-	proper	12	-	-	-	-	-
-	Jorvi	-	proper	5	-	-	-	-	-
-	Julkula	-	proper	12	-	-	-	-	-
-	Jumisko	-	proper	1	-	-	-	-	-
-	Juopuli	-	proper	6	-	-	-	-	-
-	Jupperi	-	proper	6	-	-	-	-	-
-	Juttila	-	proper	13	-	-	-	-	-
-	Juuma	-	proper	10	-	-	-	-	-
-	Juurakko	-	proper	4	kk:k	-	-	-	-
-	Juutas	-	proper	39	-	-	-	-	-
-	Juvola	-	proper	12	-	-	-	-	-
-	Jylhämä	-	proper	10	-	-	-	-	-
-	Jylli	-	proper	5	-	-	-	-	-
-	Jyrkkä	-	proper	10	kk:k	-	-	-	-
-	Jyrkkälä	-	proper	12	-	-	-	-	-
-	Jäkärlä	-	proper	10	-	-	-	-	-
-	Järven|sivu	-	proper	1	-	-	-	-	-
-	Kaakamo	-	proper	2	-	-	-	-	-
-	Kaakkuri	-	proper	6	-	-	-	-	-
-	Kaamas|mukka	-	proper	10	kk:k	-	-	-	-
-	Kaanaa	-	proper	18	-	-	-	-	-
-	Kaarela	-	proper	13	-	-	-	-	-
-	Kaariainen	-	proper	38	-	-	-	-	-
-	Kaerla	-	proper	9	-	-	-	-	-
-	Kaihlanen	-	proper	38	-	-	-	-	-
-	Kaihtula	-	proper	12	-	-	-	-	-
-	Kainasto	-	proper	1	-	-	-	-	-
-	Kaipiainen	-	proper	38	-	-	-	-	-
-	Kaipio	-	proper	3	-	-	-	-	-
-	Kairala	-	proper	12	-	-	-	-	-
-	Kairila	-	proper	13	-	-	-	-	-
-	Kaitaa	-	proper	18	-	-	-	-	-
-	Kaitai	-	proper	18	-	-	-	-	-
-	Kaitainen	-	proper	38	-	-	-	-	-
-	Kaivoksela	-	proper	12	-	-	-	-	-
-	Kalaksue	-	proper	8|21	-	-	-	-	-
-	Kalaton	-	proper	6	-	-	-	-	-
-	Kalkkila	-	proper	13	-	-	-	-	-
-	Kalkku	-	proper	1	kk:k	-	-	-	-
-	Kalliola	-	proper	9	-	-	-	-	-
-	Kallion|kieli	-	proper	26	-	-	-	-	-
-	Kalmari	-	proper	6	-	-	-	-	-
-	Kalvitsa	-	proper	9	-	-	-	-	-
-	Kanervala	-	proper	12	-	-	-	-	-
-	Kankkila	-	proper	13	-	-	-	-	-
-	Kapee	-	proper	?18|21|20	-	-	-	-	-
-	Kapernaumi	-	proper	5	-	-	-	-	-
-	Kapusta	-	proper	10	-	-	-	-	-
-	Karhe	-	proper	8	-	-	-	-	-
-	Karhi	-	proper	5	-	-	-	-	-
-	Karjula	-	proper	12	-	-	-	-	-
-	Karkkimala	-	proper	12	-	-	-	-	-
-	Karkkula	-	proper	12	-	-	-	-	-
-	Karsikas	-	proper	39	-	-	-	-	-
-	Karstu	-	proper	1	-	-	-	-	-
-	Karttu	-	proper	1	tt:t	-	-	-	-
-	Karutta	-	proper	10	tt:t	-	-	-	-
-	Karvetti	-	proper	5	tt:t	-	-	-	-
-	Karvila	-	proper	13	-	-	-	-	-
-	Karvio	-	proper	3	-	-	-	-	-
-	Kasala	-	proper	12	-	-	-	-	-
-	Kaskela	-	proper	13	-	-	-	-	-
-	Kaskii	-	proper	18	-	-	-	-	-
-	Kastari	-	proper	6	-	-	-	-	-
-	Kastelli	-	proper	6	-	-	-	-	-
-	Kastu	-	proper	1	-	-	-	-	-
-	Kataloinen	-	proper	38	-	-	-	-	-
-	Katerma	-	proper	9	-	-	-	-	-
-	Katinala	-	proper	12	-	-	-	-	-
-	Katin|häntä	-	proper	10	nt:nn	-	-	-	-
-	Kattelus	-	proper	39	-	-	-	-	-
-	Kauhtue	-	proper	8|21	-	-	-	-	-
-	Kaukkala	-	proper	12	-	-	-	-	-
-	Kauriala	-	proper	9	-	-	-	-	-
-	Kausala	-	proper	12	-	-	-	-	-
-	Kaustari	-	proper	6	-	-	-	-	-
-	Kautiala	-	proper	9	-	-	-	-	-
-	Kehro	-	proper	1	-	-	-	-	-
-	Kelho	-	proper	1	-	-	-	-	-
-	Kelkkala	-	proper	12	-	-	-	-	-
-	Kello	-	proper	1	-	-	-	-	-
-	Kelon|tekemä	-	proper	10	-	-	-	-	-
-	Keltti	-	proper	5	tt:t	-	-	-	-
-	Keplakko	-	proper	4	kk:k	-	-	-	-
-	Kepoo	-	proper	17	-	-	-	-	-
-	Kera	-	proper	9	-	-	-	-	-
-	Kerkkoo	-	proper	17	-	-	-	-	-
-	Kerkola	-	proper	12	-	-	-	-	-
-	Kerma	-	proper	9	-	-	-	-	-
-	Kersilö	-	proper	2	-	-	-	-	-
-	Kerttua	-	proper	12	-	-	-	-	-
-	Keyritty	-	proper	1	tt:t	-	-	-	-
-	Kierikkala	-	proper	12	-	-	-	-	-
-	Kierinki	-	proper	5	-	-	-	-	-
-	Kiesimä	-	proper	10	-	-	-	-	-
-	Kihinen	-	proper	38	-	-	-	-	-
-	Kihniä	-	proper	12	-	-	-	-	-
-	Kiiala	-	proper	9	-	-	-	-	-
-	Kiikku	-	proper	1	kk:k	-	-	-	-
-	Kiila	-	proper	9	-	-	-	-	-
-	Kiila|palsta	-	proper	9	-	-	-	-	-
-	Kiili	-	proper	5	-	-	-	-	-
-	Kiipu	-	proper	1	-	-	-	-	-
-	Killo	-	proper	1	-	-	-	-	-
-	Kilo	-	proper	1	-	-	-	-	-
-	Kilpiäinen	-	proper	38	-	-	-	-	-
-	Kilteri	-	proper	6	-	-	-	-	-
-	Kilvakkala	-	proper	12	-	-	-	-	-
-	Kimola	-	proper	12	-	-	-	-	-
-	Kinahmi	-	proper	5	-	-	-	-	-
-	Kinahmo	-	proper	1	-	-	-	-	-
-	Kirjakkala	-	proper	12	-	-	-	-	-
-	Kitka	-	proper	9	-	-	-	-	-
-	Kitsi	-	proper	5	-	-	-	-	-
-	Kiveliö	-	proper	3	-	-	-	-	-
-	Kiveriö	-	proper	3	-	-	-	-	-
-	Kivi|haka	-	proper	9	k:	-	-	-	-
-	Kivikko	-	proper	4	kk:k	-	-	-	-
-	Klemettilä	-	proper	12	-	-	-	-	-
-	Klovi	-	proper	5	-	-	-	-	-
-	Knuuttila	-	proper	13	-	-	-	-	-
-	Kodiksami	-	proper	5	-	-	-	-	-
-	Kodjala	-	proper	12	-	-	-	-	-
-	Kohmo	-	proper	1	-	-	-	-	-
-	Koikkala	-	proper	12	-	-	-	-	-
-	Koitti	-	proper	5	tt:t	-	-	-	-
-	Koivu-Mankkaa	-	proper	18	-	-	-	-	-
-	Koivu|haka	-	proper	9	k:	-	-	-	-
-	Kokkila	-	proper	13	-	-	-	-	-
-	Kolinas	-	proper	39	-	-	-	-	-
-	Kolkko	-	proper	1	kk:k	-	-	-	-
-	Kolkku	-	proper	1	kk:k	-	-	-	-
-	Kollaja	-	proper	9	-	-	-	-	-
-	Kolma	-	proper	10	-	-	-	-	-
-	Kolmi|soppi	-	proper	5	pp:p	-	-	-	-
-	Kolo|honka	-	proper	10	nk:ng	-	-	-	-
-	Kolppi	-	proper	5	pp:p	-	-	-	-
-	Kolsari	-	proper	6	-	-	-	-	-
-	Kommila	-	proper	13	-	-	-	-	-
-	Komu	-	proper	1	-	-	-	-	-
-	Konala	-	proper	12	-	-	-	-	-
-	Kontiola	-	proper	9	-	-	-	-	-
-	Konttila	-	proper	13	-	-	-	-	-
-	Koppala	-	proper	12	-	-	-	-	-
-	Koppelo	-	proper	2	-	-	-	-	-
-	Korkatti	-	proper	5	tt:t	-	-	-	-
-	Korkia-aho	-	proper	1	-	-	-	-	-
-	Kormu	-	proper	1	-	-	-	-	-
-	Koroinen	-	proper	38	-	-	-	-	-
-	Korsnainen	-	proper	38	-	-	-	-	-
-	Korso	-	proper	1	-	-	-	-	-
-	Korven|suora	-	proper	10	-	-	-	-	-
-	Korvola	-	proper	12	-	-	-	-	-
-	Korvua	-	proper	12	-	-	-	-	-
-	Kosken||varsi	-	proper	28	rt:rr	-	-	-	-
-	Koski|puhto	-	proper	1	-	-	-	-	-
-	Koskue	-	proper	8|21	-	-	-	-	-
-	Kostamo	-	proper	2	-	-	-	-	-
-	Kostula	-	proper	12	-	-	-	-	-
-	Kotila	-	proper	13	-	-	-	-	-
-	Kotola	-	proper	12	-	-	-	-	-
-	Kotvala	-	proper	12	-	-	-	-	-
-	Kraila	-	proper	9	-	-	-	-	-
-	Kreivilä	-	proper	12	-	-	-	-	-
-	Krouvi	-	proper	5	-	-	-	-	-
-	Kräkilä	-	proper	12	-	-	-	-	-
-	Krääkkiö	-	proper	3	-	-	-	-	-
-	Kuittua	-	proper	12	-	-	-	-	-
-	Kuivala	-	proper	12	-	-	-	-	-
-	Kuivanto	-	proper	1	-	-	-	-	-
-	Kuivasto	-	proper	1	-	-	-	-	-
-	Kukkaketo	-	proper	1	-	-	-	-	-
-	Kukkaro	-	proper	2	-	-	-	-	-
-	Kukkila	-	proper	13	-	-	-	-	-
-	Kukola	-	proper	12	-	-	-	-	-
-	Kulju	-	proper	1	-	-	-	-	-
-	Kulkkila	-	proper	13	-	-	-	-	-
-	Kulloo	-	proper	17	-	-	-	-	-
-	Kuloinen	-	proper	38	-	-	-	-	-
-	Kulo|valkea	-	proper	15	-	-	-	-	-
-	Kultela	-	proper	13	-	-	-	-	-
-	Kultima	-	proper	9	-	-	-	-	-
-	Kumaala	-	proper	13|9	-	-	-	-	-
-	Kummatti	-	proper	5	tt:t	-	-	-	-
-	Kumu	-	proper	1	-	-	-	-	-
-	Kuninkainen	-	proper	38	-	-	-	-	-
-	Kunnarla	-	proper	9	-	-	-	-	-
-	Kuohunki	-	proper	5	-	-	-	-	-
-	Kuokkala	-	proper	12	-	-	-	-	-
-	Kuoksa	-	proper	10	-	-	-	-	-
-	Kuolema	-	proper	9	-	-	-	-	-
-	Kuolio	-	proper	3	-	-	-	-	-
-	Kuolna	-	proper	10	-	-	-	-	-
-	Kuoppa|niva	-	proper	9	-	-	-	-	-
-	Kuorinka	-	proper	9	-	-	-	-	-
-	Kuosku	-	proper	1	-	-	-	-	-
-	Kuosmala	-	proper	12	-	-	-	-	-
-	Kuovila	-	proper	13	-	-	-	-	-
-	Kurala	-	proper	12	-	-	-	-	-
-	Kurhila	-	proper	13	-	-	-	-	-
-	Kurtakko	-	proper	4	kk:k	-	-	-	-
-	Kutala	-	proper	12	-	-	-	-	-
-	Kutila	-	proper	13	-	-	-	-	-
-	Kuttura	-	proper	10	-	-	-	-	-
-	Kuuminainen	-	proper	38	-	-	-	-	-
-	Kuurila	-	proper	13	-	-	-	-	-
-	Kuusala	-	proper	12	-	-	-	-	-
-	Kuusikko	-	proper	4	kk:k	-	-	-	-
-	Kuusirati	-	proper	5	-	-	-	-	-
-	Kuuttila	-	proper	13	-	-	-	-	-
-	Kuvansi	-	proper	5	-	-	-	-	-
-	Kylliälä	-	proper	10	-	-	-	-	-
-	Kylmälä	-	proper	12	-	-	-	-	-
-	Kylämä	-	proper	10	-	-	-	-	-
-	Kyttälä	-	proper	12	-	-	-	-	-
-	Kyynämöinen	-	proper	38	-	-	-	-	-
-	Kyynärö	-	proper	2	-	-	-	-	-
-	Kähtävä	-	proper	10	-	-	-	-	-
-	Kämäri	-	proper	6	-	-	-	-	-
-	Känsälä	-	proper	12	-	-	-	-	-
-	Käpry	-	proper	1	-	-	-	-	-
-	Käpylä	-	proper	12	-	-	-	-	-
-	Kärkelä	-	proper	12	-	-	-	-	-
-	Kärkkäälä	-	proper	10	-	-	-	-	-
-	Kärppä	-	proper	10	pp:p	-	-	-	-
-	Kärpänen	-	proper	38	-	-	-	-	-
-	Kärrilä	-	proper	12	-	-	-	-	-
-	Käylä	-	proper	10	-	-	-	-	-
-	Käyppälä	-	proper	12	-	-	-	-	-
-	Köhniö	-	proper	3	-	-	-	-	-
-	Köngäs	-	proper	39	-	-	-	-	-
-	Könni	-	proper	5	-	-	-	-	-
-	Könölä	-	proper	12	-	-	-	-	-
-	Köyrä	-	proper	10	-	-	-	-	-
-	Köörtilä	-	proper	12	-	-	-	-	-
-	Laakkola	-	proper	12	-	-	-	-	-
-	Laanila	-	proper	13	-	-	-	-	-
-	Laasala	-	proper	12	-	-	-	-	-
-	Laasola	-	proper	12	-	-	-	-	-
-	Lahela	-	proper	13	-	-	-	-	-
-	Lahnanen	-	proper	38	-	-	-	-	-
-	Lahnus	-	proper	39	-	-	-	-	-
-	Laitikkala	-	proper	12	-	-	-	-	-
-	Lajo	-	proper	1	-	-	-	-	-
-	Lakkola	-	proper	12	-	-	-	-	-
-	Laksiainen	-	proper	38	-	-	-	-	-
-	Lammin|aho	-	proper	1	-	-	-	-	-
-	Lampu	-	proper	1	-	-	-	-	-
-	Lankoori	-	proper	6	-	-	-	-	-
-	Lantula	-	proper	12	-	-	-	-	-
-	Lappea	-	proper	12	-	-	-	-	-
-	Lappila	-	proper	13	-	-	-	-	-
-	Lastunen	-	proper	38	-	-	-	-	-
-	Lato|kaski	-	proper	7	-	-	-	-	-
-	Latto|meri	-	proper	24	-	-	-	-	-
-	Latva	-	proper	9	-	-	-	-	-
-	Latvanen	-	proper	38	-	-	-	-	-
-	Laukkala	-	proper	12	-	-	-	-	-
-	Lauteala	-	proper	9	-	-	-	-	-
-	Lavikko	-	proper	4	kk:k	-	-	-	-
-	Lavinto	-	proper	1	-	-	-	-	-
-	Lehmo	-	proper	1	-	-	-	-	-
-	Leikkuu	-	proper	17	-	-	-	-	-
-	Leinelä	-	proper	12	-	-	-	-	-
-	Leineperi	-	proper	6	-	-	-	-	-
-	Leiniälä	-	proper	10	-	-	-	-	-
-	Leinola	-	proper	12	-	-	-	-	-
-	Leive	-	proper	8	-	-	-	-	-
-	Lellainen	-	proper	38	-	-	-	-	-
-	Lempyy	-	proper	20	-	-	-	-	-
-	Lentiira	-	proper	13|9	-	-	-	-	-
-	Lentola	-	proper	12	-	-	-	-	-
-	Lentua	-	proper	12	-	-	-	-	-
-	Leppä|viita	-	proper	9	t:d	-	-	-	-
-	Lepsala	-	proper	12	-	-	-	-	-
-	Lepsämä	-	proper	10	-	-	-	-	-
-	Lepäinen	-	proper	38	-	-	-	-	-
-	Letku	-	proper	1	-	-	-	-	-
-	Leutola	-	proper	12	-	-	-	-	-
-	Levo	-	proper	1	-	-	-	-	-
-	Levälä	-	proper	12	-	-	-	-	-
-	Lieso	-	proper	1	-	-	-	-	-
-	Lieviö	-	proper	3	-	-	-	-	-
-	Lihasula	-	proper	12	-	-	-	-	-
-	Liikkala	-	proper	12	-	-	-	-	-
-	Liitsola	-	proper	12	-	-	-	-	-
-	Limingan|tulli	-	proper	5	-	-	-	-	-
-	Linnainen	-	proper	38	-	-	-	-	-
-	Lipiälä	-	proper	10	-	-	-	-	-
-	Lisma	-	proper	9	-	-	-	-	-
-	Livo	-	proper	1	-	-	-	-	-
-	Loila	-	proper	10	-	-	-	-	-
-	Loima	-	proper	10	-	-	-	-	-
-	Lommila	-	proper	13	-	-	-	-	-
-	Loosari	-	proper	6	-	-	-	-	-
-	Lotanen	-	proper	38	-	-	-	-	-
-	Louhela	-	proper	13	-	-	-	-	-
-	Loukeinen	-	proper	38	-	-	-	-	-
-	Lounaala	-	proper	13|9	-	-	-	-	-
-	Luikala	-	proper	12	-	-	-	-	-
-	Luikkio	-	proper	3	-	-	-	-	-
-	Luiro	-	proper	1	-	-	-	-	-
-	Luistari	-	proper	6	-	-	-	-	-
-	Lukkarila	-	proper	12	-	-	-	-	-
-	Lunkaa	-	proper	18	-	-	-	-	-
-	Luohua	-	proper	12	-	-	-	-	-
-	Luoma-aho	-	proper	1	-	-	-	-	-
-	Luopa	-	proper	10	-	-	-	-	-
-	Luosto	-	proper	1	-	-	-	-	-
-	Lusi	-	proper	5	-	-	-	-	-
-	Lustila	-	proper	13	-	-	-	-	-
-	Lutakko	-	proper	4	kk:k	-	-	-	-
-	Luukki	-	proper	5	kk:k	-	-	-	-
-	Luusua	-	proper	12	-	-	-	-	-
-	Lyly	-	proper	1	-	-	-	-	-
-	Lypyrtti	-	proper	5	tt:t	-	-	-	-
-	Lyttylä	-	proper	12	-	-	-	-	-
-	Lyyskilä	-	proper	12	-	-	-	-	-
-	Lyytikkälä	-	proper	12	-	-	-	-	-
-	Lyökki	-	proper	5	kk:k	-	-	-	-
-	Lähteelä	-	proper	10	-	-	-	-	-
-	Länsi-Puijo	-	proper	1	-	-	-	-	-
-	Länsi-Teisko	-	proper	1	-	-	-	-	-
-	Läntelä	-	proper	12	-	-	-	-	-
-	Löytänä	-	proper	12	-	-	-	-	-
-	Löytö	-	proper	1	-	-	-	-	-
-	Maa|keski	-	proper	5	-	-	-	-	-
-	Mahnala	-	proper	12	-	-	-	-	-
-	Mainua	-	proper	12	-	-	-	-	-
-	Maivala	-	proper	12	-	-	-	-	-
-	Maja-aho	-	proper	1	-	-	-	-	-
-	Malko	-	proper	1	-	-	-	-	-
-	Mallinkainen	-	proper	38	-	-	-	-	-
-	Mankki	-	proper	5	kk:k	-	-	-	-
-	Marinkainen	-	proper	38	-	-	-	-	-
-	Marjala	-	proper	12	-	-	-	-	-
-	Markkina	-	proper	13	-	-	-	-	-
-	Martikkala	-	proper	12	-	-	-	-	-
-	Martoinen	-	proper	38	-	-	-	-	-
-	Marttala	-	proper	12	-	-	-	-	-
-	Masala	-	proper	12	-	-	-	-	-
-	Matala	-	proper	12	-	-	-	-	-
-	Matara	-	proper	12	-	-	-	-	-
-	Matilda	-	proper	9	-	-	-	-	-
-	Matka|niva	-	proper	9	-	-	-	-	-
-	Matku	-	proper	1	-	-	-	-	-
-	Maukkula	-	proper	12	-	-	-	-	-
-	Maunuksela	-	proper	12	-	-	-	-	-
-	Mauriala	-	proper	9	-	-	-	-	-
-	Meltola	-	proper	12	-	-	-	-	-
-	Menonen	-	proper	38	-	-	-	-	-
-	Mentula	-	proper	12	-	-	-	-	-
-	Meri-Pori	-	proper	5	-	-	-	-	-
-	Meri-Rastila	-	proper	13	-	-	-	-	-
-	Meri|haka	-	proper	9	k:	-	-	-	-
-	Merikaarto	-	proper	1	-	-	-	-	-
-	Meritulli	-	proper	5	-	-	-	-	-
-	Mesilä	-	proper	12	-	-	-	-	-
-	Metsä|kansa	-	proper	9	-	-	-	-	-
-	Metsälä	-	proper	12	-	-	-	-	-
-	Miekkiö	-	proper	3	-	-	-	-	-
-	Mieltylä	-	proper	12	-	-	-	-	-
-	Miemala	-	proper	12	-	-	-	-	-
-	Mieras|lompolo	-	proper	2	-	-	-	-	-
-	Miettilä	-	proper	12	-	-	-	-	-
-	Mikkelä	-	proper	12	-	-	-	-	-
-	Misi	-	proper	5	-	-	-	-	-
-	Moksi	-	proper	5	-	-	-	-	-
-	Monola	-	proper	12	-	-	-	-	-
-	Montola	-	proper	12	-	-	-	-	-
-	Mottinen	-	proper	38	-	-	-	-	-
-	Muhkuri	-	proper	6	-	-	-	-	-
-	Muhola	-	proper	12	-	-	-	-	-
-	Mukkula	-	proper	12	-	-	-	-	-
-	Mulantaus	-	proper	39|40	-	-	-	-	-
-	Mulikka	-	proper	14	kk:k	-	-	-	-
-	Muljula	-	proper	12	-	-	-	-	-
-	Mullola	-	proper	12	-	-	-	-	-
-	Mulo	-	proper	1	-	-	-	-	-
-	Munakka	-	proper	14	kk:k	-	-	-	-
-	Munkkala	-	proper	12	-	-	-	-	-
-	Muotiala	-	proper	9	-	-	-	-	-
-	Murikka	-	proper	14	kk:k	-	-	-	-
-	Musa	-	proper	10	-	-	-	-	-
-	Mustola	-	proper	12	-	-	-	-	-
-	Mutala	-	proper	12	-	-	-	-	-
-	Mutenia	-	proper	12	-	-	-	-	-
-	Muttila	-	proper	13	-	-	-	-	-
-	Muurala	-	proper	12	-	-	-	-	-
-	Muurikkala	-	proper	12	-	-	-	-	-
-	Muurola	-	proper	12	-	-	-	-	-
-	Mynttilä	-	proper	12	-	-	-	-	-
-	Myrkky	-	proper	1	kk:k	-	-	-	-
-	Myyras	-	proper	39	-	-	-	-	-
-	Mäentaka	-	proper	9	-	-	-	-	-
-	Mälikkälä	-	proper	12	-	-	-	-	-
-	Mäyry	-	proper	1	-	-	-	-	-
-	Mäyrä	-	proper	10	-	-	-	-	-
-	Määttälä	-	proper	12	-	-	-	-	-
-	Möhkö	-	proper	1	-	-	-	-	-
-	Möksy	-	proper	1	-	-	-	-	-
-	Mökälä	-	proper	12	-	-	-	-	-
-	Mönni	-	proper	5	-	-	-	-	-
-	Naappila	-	proper	13	-	-	-	-	-
-	Naarva	-	proper	9	-	-	-	-	-
-	Nahkela	-	proper	13	-	-	-	-	-
-	Nakertaja	-	proper	?10	-	-	-	-	-
-	Nalkkila	-	proper	13	-	-	-	-	-
-	Napue	-	proper	8|21	-	-	-	-	-
-	Naukio	-	proper	3	-	-	-	-	-
-	Neittävä	-	proper	10	-	-	-	-	-
-	Nekala	-	proper	12	-	-	-	-	-
-	Nepperi	-	proper	6	-	-	-	-	-
-	Nerkoo	-	proper	17	-	-	-	-	-
-	Neuvoton	-	proper	6	-	-	-	-	-
-	Niemistö	-	proper	1	-	-	-	-	-
-	Niesi	-	proper	5	-	-	-	-	-
-	Niihama	-	proper	10	-	-	-	-	-
-	Niipperi	-	proper	6	-	-	-	-	-
-	Niirala	-	proper	12	-	-	-	-	-
-	Nikkaroinen	-	proper	38	-	-	-	-	-
-	Nilakka	-	proper	14	kk:k	-	-	-	-
-	Nipuli	-	proper	6	-	-	-	-	-
-	Nirva	-	proper	9	-	-	-	-	-
-	Noitala	-	proper	12	-	-	-	-	-
-	Noljakka	-	proper	14	kk:k	-	-	-	-
-	Nousiala	-	proper	9	-	-	-	-	-
-	Nuoramoinen	-	proper	38	-	-	-	-	-
-	Nupuri	-	proper	6	-	-	-	-	-
-	Nuuksio	-	proper	3	-	-	-	-	-
-	Nuupala	-	proper	12	-	-	-	-	-
-	Nuvvus	-	proper	39	-	-	-	-	-
-	Nyrölä	-	proper	12	-	-	-	-	-
-	Nyystölä	-	proper	12	-	-	-	-	-
-	Näkkälä	-	proper	12	-	-	-	-	-
-	Nälli	-	proper	5	-	-	-	-	-
-	Närhilä	-	proper	12	-	-	-	-	-
-	Närvilä	-	proper	12	-	-	-	-	-
-	Näsi	-	proper	5	-	-	-	-	-
-	Näärinki	-	proper	5	-	-	-	-	-
-	Näätämö	-	proper	2	-	-	-	-	-
-	Ohkola	-	proper	12	-	-	-	-	-
-	Oikarainen	-	proper	38	-	-	-	-	-
-	Oittaa	-	proper	18	-	-	-	-	-
-	Oittila	-	proper	13	-	-	-	-	-
-	Oivu	-	proper	1	-	-	-	-	-
-	Ojoinen	-	proper	38	-	-	-	-	-
-	Okeroinen	-	proper	38	-	-	-	-	-
-	Oksava	-	proper	10	-	-	-	-	-
-	Olhava	-	proper	10	-	-	-	-	-
-	Olkkala	-	proper	12	-	-	-	-	-
-	Onkalo	-	proper	2	-	-	-	-	-
-	Onkamo	-	proper	2	-	-	-	-	-
-	Onkkaala	-	proper	13|9	-	-	-	-	-
-	Onttola	-	proper	12	-	-	-	-	-
-	Oravala	-	proper	12	-	-	-	-	-
-	Oravi	-	proper	5	-	-	-	-	-
-	Oriketo	-	proper	1	-	-	-	-	-
-	Osara	-	proper	12	-	-	-	-	-
-	Oskola	-	proper	12	-	-	-	-	-
-	Osmanki	-	proper	5	-	-	-	-	-
-	Otamo	-	proper	2	-	-	-	-	-
-	Outila	-	proper	13	-	-	-	-	-
-	Paakkila	-	proper	13	-	-	-	-	-
-	Paakkola	-	proper	12	-	-	-	-	-
-	Padinki	-	proper	5	-	-	-	-	-
-	Pahkala	-	proper	12	-	-	-	-	-
-	Paihola	-	proper	12	-	-	-	-	-
-	Paijala	-	proper	12	-	-	-	-	-
-	Paimala	-	proper	12	-	-	-	-	-
-	Paisua	-	proper	12	-	-	-	-	-
-	Pajala	-	proper	12	-	-	-	-	-
-	Pajukanta	-	proper	9	-	-	-	-	-
-	Pajula	-	proper	12	-	-	-	-	-
-	Pakainen	-	proper	38	-	-	-	-	-
-	Palho	-	proper	1	-	-	-	-	-
-	Palokki	-	proper	5	kk:k	-	-	-	-
-	Paltanen	-	proper	38	-	-	-	-	-
-	Palttila	-	proper	13	-	-	-	-	-
-	Panelia	-	proper	12	-	-	-	-	-
-	Pappinen	-	proper	38	-	-	-	-	-
-	Parkkala	-	proper	12	-	-	-	-	-
-	Parkkarila	-	proper	12	-	-	-	-	-
-	Parkkila	-	proper	13	-	-	-	-	-
-	Parkkuu	-	proper	17	-	-	-	-	-
-	Partala	-	proper	12	-	-	-	-	-
-	Pasala	-	proper	12	-	-	-	-	-
-	Patola	-	proper	12	-	-	-	-	-
-	Pato|niva	-	proper	9	-	-	-	-	-
-	Paukkaja	-	proper	9	-	-	-	-	-
-	Peippola	-	proper	12	-	-	-	-	-
-	Peippu	-	proper	1	pp:p	-	-	-	-
-	Peitsari	-	proper	6	-	-	-	-	-
-	Pellilä	-	proper	12	-	-	-	-	-
-	Pellinki	-	proper	5	-	-	-	-	-
-	Pelso	-	proper	1	-	-	-	-	-
-	Pennala	-	proper	12	-	-	-	-	-
-	Perinki	-	proper	5	-	-	-	-	-
-	Perkiö	-	proper	3	-	-	-	-	-
-	Perkkaa	-	proper	18	-	-	-	-	-
-	Peränne	-	proper	8	-	-	-	-	-
-	Perävarppi	-	proper	5	pp:p	-	-	-	-
-	Pesiö	-	proper	3	-	-	-	-	-
-	Petikko	-	proper	4	kk:k	-	-	-	-
-	Petkula	-	proper	12	-	-	-	-	-
-	Petonen	-	proper	38	-	-	-	-	-
-	Petruma	-	proper	10	-	-	-	-	-
-	Petäjäs	-	proper	39	-	-	-	-	-
-	Peurala	-	proper	12	-	-	-	-	-
-	Pihlaisto	-	proper	1	-	-	-	-	-
-	Pihlajisto	-	proper	1	-	-	-	-	-
-	Piispala	-	proper	12	-	-	-	-	-
-	Pikiruukki	-	proper	5	kk:k	-	-	-	-
-	Pikkarala	-	proper	12	-	-	-	-	-
-	Pikku-Parola	-	proper	12	-	-	-	-	-
-	Pilpala	-	proper	12	-	-	-	-	-
-	Pinnola	-	proper	12	-	-	-	-	-
-	Pinsiö	-	proper	3	-	-	-	-	-
-	Pippuri	-	proper	6	-	-	-	-	-
-	Pirkkiö	-	proper	3	-	-	-	-	-
-	Pirkkola	-	proper	12	-	-	-	-	-
-	Pirtnuora	-	proper	10	-	-	-	-	-
-	Pitkäaho	-	proper	1	-	-	-	-	-
-	Pitkälä	-	proper	12	-	-	-	-	-
-	Pitämä	-	proper	10	-	-	-	-	-
-	Pohjoinen	-	proper	38	-	-	-	-	-
-	Pohjois-Haatala	-	proper	12	-	-	-	-	-
-	Pohjois-Ii	-	proper	18	-	-	-	-	-
-	Pohjois-Paippinen	-	proper	38	-	-	-	-	-
-	Pohjois-Tapiola	-	proper	9	-	-	-	-	-
-	Pohtola	-	proper	12	-	-	-	-	-
-	Poikelus	-	proper	39	-	-	-	-	-
-	Pokela	-	proper	13	-	-	-	-	-
-	Pokka	-	proper	10	kk:k	-	-	-	-
-	Poltinaho	-	proper	1	-	-	-	-	-
-	Poltti	-	proper	5	tt:t	-	-	-	-
-	Polttila	-	proper	13	-	-	-	-	-
-	Porkka|kylät	-	proper-pl	10	-	-	-	-	-
-	Porras	-	proper	39	-	-	-	-	-
-	Preiviiki	-	proper	5	-	-	-	-	-
-	Pudas	-	proper	39	-	-	-	-	-
-	Pukara	-	proper	12	-	-	-	-	-
-	Pukaro	-	proper	2	-	-	-	-	-
-	Pukkala	-	proper	12	-	-	-	-	-
-	Pukki	-	proper	5	kk:k	-	-	-	-
-	Pulsa	-	proper	10	-	-	-	-	-
-	Puntainen	-	proper	38	-	-	-	-	-
-	Puntari	-	proper	6	-	-	-	-	-
-	Puokio	-	proper	3	-	-	-	-	-
-	Puolimatka	-	proper	9	-	-	-	-	-
-	Puotila	-	proper	13	-	-	-	-	-
-	Purnumukka	-	proper	14	kk:k	-	-	-	-
-	Purola	-	proper	12	-	-	-	-	-
-	Puskamarkki	-	proper	5	kk:k	-	-	-	-
-	Puso	-	proper	1	-	-	-	-	-
-	Putaja	-	proper	?10	-	-	-	-	-
-	Putikko	-	proper	4	kk:k	-	-	-	-
-	Puuppola	-	proper	12	-	-	-	-	-
-	Puutikkala	-	proper	12	-	-	-	-	-
-	Pyhältö	-	proper	1	-	-	-	-	-
-	Pyöli	-	proper	5	-	-	-	-	-
-	Päijälä	-	proper	12	-	-	-	-	-
-	Päiväkunta	-	proper	10	-	-	-	-	-
-	Päivölä	-	proper	12	-	-	-	-	-
-	Pällikäs	-	proper	39	-	-	-	-	-
-	Päntäne	-	proper	8	-	-	-	-	-
-	Pättikkä	-	proper	14	kk:k	-	-	-	-
-	Pöljä	-	proper	10	-	-	-	-	-
-	Pölläkkä	-	proper	14	kk:k	-	-	-	-
-	Pöyhölä	-	proper	12	-	-	-	-	-
-	Pöykkölä	-	proper	12	-	-	-	-	-
-	Rahikkala	-	proper	12	-	-	-	-	-
-	Rahja	-	proper	9	-	-	-	-	-
-	Rahkoila	-	proper	10	-	-	-	-	-
-	Rahola	-	proper	12	-	-	-	-	-
-	Raikku	-	proper	1	kk:k	-	-	-	-
-	Raja-aho	-	proper	1	-	-	-	-	-
-	Raksila	-	proper	13	-	-	-	-	-
-	Ranta-Töysä	-	proper	10	-	-	-	-	-
-	Rantoo	-	proper	17	-	-	-	-	-
-	Rastaala	-	proper	13|9	-	-	-	-	-
-	Rastila	-	proper	13	-	-	-	-	-
-	Ratina	-	proper	13	-	-	-	-	-
-	Ratula	-	proper	12	-	-	-	-	-
-	Raukka	-	proper	9	kk:k	-	-	-	-
-	Raukko	-	proper	1	kk:k	-	-	-	-
-	Raumala	-	proper	12	-	-	-	-	-
-	Rauma	-	proper	10	-	-	-	-	-
-	Raussila	-	proper	13	-	-	-	-	-
-	Rauta|harkko	-	proper	1	kk:k	-	-	-	-
-	Rautila	-	proper	13	-	-	-	-	-
-	Rehakka	-	proper	14	kk:k	-	-	-	-
-	Reimarla	-	proper	9	-	-	-	-	-
-	Reinikkala	-	proper	12	-	-	-	-	-
-	Riesto	-	proper	1	-	-	-	-	-
-	Rihu	-	proper	1	-	-	-	-	-
-	Riimala	-	proper	12	-	-	-	-	-
-	Riipi	-	proper	5	-	-	-	-	-
-	Riipilä	-	proper	12	-	-	-	-	-
-	Riippi	-	proper	5	pp:p	-	-	-	-
-	Riitiala	-	proper	9	-	-	-	-	-
-	Rikantila	-	proper	12	-	-	-	-	-
-	Ristin|arkku	-	proper	1	kk:k	-	-	-	-
-	Ritvala	-	proper	12	-	-	-	-	-
-	Riuttala	-	proper	12	-	-	-	-	-
-	Riuttanen	-	proper	38	-	-	-	-	-
-	Riutula	-	proper	12	-	-	-	-	-
-	Roismala	-	proper	12	-	-	-	-	-
-	Ruha	-	proper	10	-	-	-	-	-
-	Ruka	-	proper	10	-	-	-	-	-
-	Rummukkala	-	proper	12	-	-	-	-	-
-	Rumpila	-	proper	13	-	-	-	-	-
-	Runni	-	proper	5	-	-	-	-	-
-	Ruokola	-	proper	12	-	-	-	-	-
-	Ruona	-	proper	10	-	-	-	-	-
-	Ruotsula	-	proper	12	-	-	-	-	-
-	Ruottala	-	proper	12	-	-	-	-	-
-	Ruotula	-	proper	12	-	-	-	-	-
-	Ruto	-	proper	1	-	-	-	-	-
-	Rutola	-	proper	12	-	-	-	-	-
-	Rutumi	-	proper	5	-	-	-	-	-
-	Ruunaa	-	proper	18	-	-	-	-	-
-	Rytky	-	proper	1	-	-	-	-	-
-	Ryttylä	-	proper	12	-	-	-	-	-
-	Räikkölä	-	proper	12	-	-	-	-	-
-	Rämsöö	-	proper	17	-	-	-	-	-
-	Rämälä	-	proper	12	-	-	-	-	-
-	Räyrinki	-	proper	5	-	-	-	-	-
-	Röylä	-	proper	10	-	-	-	-	-
-	Röyttä	-	proper	10	tt:t	-	-	-	-
-	Röölä	-	proper	10	-	-	-	-	-
-	Saantee	-	proper	?18|21|20	-	-	-	-	-
-	Saarento	-	proper	1	-	-	-	-	-
-	Saari|kylät	-	proper-pl	10	-	-	-	-	-
-	Saariois|puoli	-	proper	26	-	-	-	-	-
-	Saarniala	-	proper	9	-	-	-	-	-
-	Saarni|raivio	-	proper	3	-	-	-	-	-
-	Saarnisto	-	proper	1	-	-	-	-	-
-	Sairakkala	-	proper	12	-	-	-	-	-
-	Sairiala	-	proper	9	-	-	-	-	-
-	Saivikkala	-	proper	12	-	-	-	-	-
-	Saksala	-	proper	12	-	-	-	-	-
-	Salmentaka	-	proper	9	-	-	-	-	-
-	Salo-Miehikkälä	-	proper	12	-	-	-	-	-
-	Sampola	-	proper	12	-	-	-	-	-
-	Sankila	-	proper	13	-	-	-	-	-
-	Sannainen	-	proper	38	-	-	-	-	-
-	Santa||haka	-	proper	9	k:	-	-	-	-
-	Santtio	-	proper	3	-	-	-	-	-
-	Sappu	-	proper	1	pp:p	-	-	-	-
-	Sarkkila	-	proper	13	-	-	-	-	-
-	Sarva	-	proper	9	-	-	-	-	-
-	Sassali	-	proper	6	-	-	-	-	-
-	Satama	-	proper	10	-	-	-	-	-
-	Satava	-	proper	10	-	-	-	-	-
-	Sattanen	-	proper	38	-	-	-	-	-
-	Sattila	-	proper	13	-	-	-	-	-
-	Sattula	-	proper	12	-	-	-	-	-
-	Saukkola	-	proper	12	-	-	-	-	-
-	Saukko|riipi	-	proper	5	-	-	-	-	-
-	Savero	-	proper	2	-	-	-	-	-
-	Savio	-	proper	3	-	-	-	-	-
-	Seili	-	proper	5	-	-	-	-	-
-	Selkie	-	proper	8|21	-	-	-	-	-
-	Sian|jalka	-	proper	9	k:	-	-	-	-
-	Siekkilä	-	proper	12	-	-	-	-	-
-	Siikala	-	proper	12	-	-	-	-	-
-	Siikava	-	proper	10	-	-	-	-	-
-	Siilainen	-	proper	38	-	-	-	-	-
-	Siippoo	-	proper	17	-	-	-	-	-
-	Siitama	-	proper	10	-	-	-	-	-
-	Siivikko	-	proper	4	kk:k	-	-	-	-
-	Sikilä	-	proper	12	-	-	-	-	-
-	Sikuri	-	proper	6	-	-	-	-	-
-	Silkku	-	proper	1	kk:k	-	-	-	-
-	Silvola	-	proper	12	-	-	-	-	-
-	Siman|ala	-	proper	9	-	-	-	-	-
-	Simpsiö	-	proper	3	-	-	-	-	-
-	Sinettä	-	proper	10	tt:t	-	-	-	-
-	Sipinen	-	proper	38	-	-	-	-	-
-	Sirniö	-	proper	3	-	-	-	-	-
-	Sisättö	-	proper	1	tt:t	-	-	-	-
-	Siuro	-	proper	1	-	-	-	-	-
-	Sivakka	-	proper	14	kk:k	-	-	-	-
-	Skanssi	-	proper	5	-	-	-	-	-
-	Skinnarila	-	proper	12	-	-	-	-	-
-	Sola	-	proper	10	-	-	-	-	-
-	Sonkaja	-	proper	9	-	-	-	-	-
-	Sonka|muotka	-	proper	10	-	-	-	-	-
-	Sorila	-	proper	13	-	-	-	-	-
-	Sorkkala	-	proper	12	-	-	-	-	-
-	Sorsala	-	proper	12	-	-	-	-	-
-	Sorvakko	-	proper	4	kk:k	-	-	-	-
-	Sotkia	-	proper	12	-	-	-	-	-
-	Sotkuma	-	proper	10	-	-	-	-	-
-	Sotunki	-	proper	5	-	-	-	-	-
-	Soukainen	-	proper	38	-	-	-	-	-
-	Soukka	-	proper	10	kk:k	-	-	-	-
-	Struka	-	proper	10	-	-	-	-	-
-	Suhmura	-	proper	10	-	-	-	-	-
-	Suikkila	-	proper	13	-	-	-	-	-
-	Suinula	-	proper	12	-	-	-	-	-
-	Suitia	-	proper	12	-	-	-	-	-
-	Sukkala	-	proper	12	-	-	-	-	-
-	Sukula	-	proper	12	-	-	-	-	-
-	Summa	-	proper	10	-	-	-	-	-
-	Sumsa	-	proper	10	-	-	-	-	-
-	Sunila	-	proper	13	-	-	-	-	-
-	Suom|asema	-	proper	10	-	-	-	-	-
-	Suontaka	-	proper	9	-	-	-	-	-
-	Suontee	-	proper	?18|21|20	-	-	-	-	-
-	Suorttila	-	proper	13	-	-	-	-	-
-	Sutela	-	proper	13	-	-	-	-	-
-	Suttila	-	proper	13	-	-	-	-	-
-	Suuppo	-	proper	1	pp:p	-	-	-	-
-	Suur-Miehikkälä	-	proper	12	-	-	-	-	-
-	Suur-Pellinki	-	proper	5	-	-	-	-	-
-	Suurila	-	proper	13	-	-	-	-	-
-	Suvela	-	proper	13	-	-	-	-	-
-	Syri	-	proper	5	-	-	-	-	-
-	Syrjän|taka	-	proper	9	k:	-	-	-	-
-	Syvänsi	-	proper	5	-	-	-	-	-
-	Syvärilä	-	proper	12	-	-	-	-	-
-	Säijä	-	proper	10	-	-	-	-	-
-	Sälinkää	-	proper	18	-	-	-	-	-
-	Särkelä	-	proper	12	-	-	-	-	-
-	Särkkä	-	proper	10	kk:k	-	-	-	-
-	Söyrinki	-	proper	5	-	-	-	-	-
-	Taatala	-	proper	12	-	-	-	-	-
-	Tahmela	-	proper	13	-	-	-	-	-
-	Taimo	-	proper	1	-	-	-	-	-
-	Taivalalanen	-	proper	38	-	-	-	-	-
-	Taka|huhti	-	proper	5	-	-	-	-	-
-	Taka|kirves	-	proper	41	-	-	-	-	-
-	Takkula	-	proper	12	-	-	-	-	-
-	Tali	-	proper	5	-	-	-	-	-
-	Taljala	-	proper	12	-	-	-	-	-
-	Tallus	-	proper	39	-	-	-	-	-
-	Talma	-	proper	9	-	-	-	-	-
-	Tammio	-	proper	3	-	-	-	-	-
-	Tammisto	-	proper	1	-	-	-	-	-
-	Tampella	-	proper	9	-	-	-	-	-
-	Tanhua	-	proper	12	-	-	-	-	-
-	Tani	-	proper	5	-	-	-	-	-
-	Tanskarla	-	proper	9	-	-	-	-	-
-	Tarhola	-	proper	12	-	-	-	-	-
-	Tarkkinen	-	proper	38	-	-	-	-	-
-	Tarmola	-	proper	12	-	-	-	-	-
-	Tarnala	-	proper	12	-	-	-	-	-
-	Tarttila	-	proper	13	-	-	-	-	-
-	Tarvola	-	proper	12	-	-	-	-	-
-	Tattara	-	proper	12	-	-	-	-	-
-	Taurila	-	proper	13	-	-	-	-	-
-	Tauvo	-	proper	1	-	-	-	-	-
-	Tavastila	-	proper	12	-	-	-	-	-
-	Tavast|kenkä	-	proper	10	nk:ng	-	-	-	-
-	Telkkälä	-	proper	12	-	-	-	-	-
-	Tengeliö	-	proper	3	-	-	-	-	-
-	Tenhiälä	-	proper	10	-	-	-	-	-
-	Tennilä	-	proper	12	-	-	-	-	-
-	Tepasto	-	proper	1	-	-	-	-	-
-	Teppana	-	proper	12	-	-	-	-	-
-	Teppanala	-	proper	12	-	-	-	-	-
-	Tepsa	-	proper	9	-	-	-	-	-
-	Terttilä	-	proper	12	-	-	-	-	-
-	Terva|hovi	-	proper	5	-	-	-	-	-
-	Tesoma|järvi	-	proper	7	-	-	-	-	-
-	Teuro	-	proper	1	-	-	-	-	-
-	Teuroinen	-	proper	38	-	-	-	-	-
-	Teväntö	-	proper	1	-	-	-	-	-
-	Tihilä	-	proper	12	-	-	-	-	-
-	Tiistilä	-	proper	12	-	-	-	-	-
-	Tikka-Mannila	-	proper	13	-	-	-	-	-
-	Tikkala	-	proper	12	-	-	-	-	-
-	Tillola	-	proper	12	-	-	-	-	-
-	Tiutinen	-	proper	38	-	-	-	-	-
-	Tohmo	-	proper	1	-	-	-	-	-
-	Toivaala	-	proper	13|9	-	-	-	-	-
-	Toivala	-	proper	12	-	-	-	-	-
-	Toivio	-	proper	3	-	-	-	-	-
-	Tolsa	-	proper	10	-	-	-	-	-
-	Tolva	-	proper	10	-	-	-	-	-
-	Tommola	-	proper	12	-	-	-	-	-
-	Topeno	-	proper	2	-	-	-	-	-
-	Torittu	-	proper	1	tt:t	-	-	-	-
-	Toroppala	-	proper	12	-	-	-	-	-
-	Torro	-	proper	1	-	-	-	-	-
-	Toukola	-	proper	12	-	-	-	-	-
-	Tourula	-	proper	12	-	-	-	-	-
-	Treksilä	-	proper	12	-	-	-	-	-
-	Tuhkala	-	proper	12	-	-	-	-	-
-	Tuhnaja	-	proper	9	-	-	-	-	-
-	Tuira	-	proper	10	-	-	-	-	-
-	Tulkkila	-	proper	13	-	-	-	-	-
-	Tuohi|kotti	-	proper	5	tt:t	-	-	-	-
-	Tuohittu	-	proper	1	tt:t	-	-	-	-
-	Tuomarila	-	proper	12	-	-	-	-	-
-	Tuorakka	-	proper	14	kk:k	-	-	-	-
-	Tuovila	-	proper	13	-	-	-	-	-
-	Tupos	-	proper	39	-	-	-	-	-
-	Tupurla	-	proper	10	-	-	-	-	-
-	Turk|hauta	-	proper	9	t:d	-	-	-	-
-	Tursa	-	proper	10	-	-	-	-	-
-	Turtola	-	proper	12	-	-	-	-	-
-	Tuuliala	-	proper	9	-	-	-	-	-
-	Tuurala	-	proper	12	-	-	-	-	-
-	Tuuri	-	proper	5	-	-	-	-	-
-	Tuuski	-	proper	5	-	-	-	-	-
-	Tykköö	-	proper	17	-	-	-	-	-
-	Tyrjä	-	proper	10	-	-	-	-	-
-	Tyrri	-	proper	5	-	-	-	-	-
-	Tyry	-	proper	1	-	-	-	-	-
-	Tyysteri	-	proper	6	-	-	-	-	-
-	Tähtee	-	proper	?18|21|20	-	-	-	-	-
-	Tähtelä	-	proper	12	-	-	-	-	-
-	Tönnö	-	proper	1	-	-	-	-	-
-	Törnävä	-	proper	10	-	-	-	-	-
-	Uittamo	-	proper	2	-	-	-	-	-
-	Ukaa	-	proper	18	-	-	-	-	-
-	Unaja	-	proper	9	-	-	-	-	-
-	Unnukan|salo	-	proper	1	-	-	-	-	-
-	Untamala	-	proper	12	-	-	-	-	-
-	Untila	-	proper	13	-	-	-	-	-
-	Urjainen	-	proper	38	-	-	-	-	-
-	Urmia	-	proper	12	-	-	-	-	-
-	Urpila	-	proper	13	-	-	-	-	-
-	Urpola	-	proper	12	-	-	-	-	-
-	Utra	-	proper	10	-	-	-	-	-
-	Uura	-	proper	10	-	-	-	-	-
-	Uusi-Koivisto	-	proper	1	-	-	-	-	-
-	Uusi|tie	-	proper	19	-	-	-	-	-
-	Uva	-	proper	10	-	-	-	-	-
-	Vaania	-	proper	12	-	-	-	-	-
-	Vahanka	-	proper	9	-	-	-	-	-
-	Vahanta	-	proper	9	-	-	-	-	-
-	Vaho	-	proper	1	-	-	-	-	-
-	Vahonen	-	proper	38	-	-	-	-	-
-	Vaikko	-	proper	1	kk:k	-	-	-	-
-	Vaippila	-	proper	13	-	-	-	-	-
-	Vaivero	-	proper	2	-	-	-	-	-
-	Vaivia	-	proper	12	-	-	-	-	-
-	Vaivio	-	proper	3	-	-	-	-	-
-	Vakkala	-	proper	12	-	-	-	-	-
-	Vakkola	-	proper	12	-	-	-	-	-
-	Valittula	-	proper	12	-	-	-	-	-
-	Valtaala	-	proper	13|9	-	-	-	-	-
-	Vanha-Koivisto	-	proper	1	-	-	-	-	-
-	Vanha-Rauma	-	proper	10	-	-	-	-	-
-	Vanha-Vaasa	-	proper	9	-	-	-	-	-
-	Vanha|moisio	-	proper	3	-	-	-	-	-
-	Vanttila	-	proper	13	-	-	-	-	-
-	Vapaala	-	proper	13|9	-	-	-	-	-
-	Vappula	-	proper	12	-	-	-	-	-
-	Varila	-	proper	13	-	-	-	-	-
-	Varisto	-	proper	1	-	-	-	-	-
-	Vartius	-	proper	39	-	-	-	-	-
-	Vasarainen	-	proper	38	-	-	-	-	-
-	Vaskio	-	proper	3	-	-	-	-	-
-	Vastinki	-	proper	5	-	-	-	-	-
-	Vatula	-	proper	12	-	-	-	-	-
-	Vehmainen	-	proper	38	-	-	-	-	-
-	Vehniä	-	proper	12	-	-	-	-	-
-	Veikkaala	-	proper	13|9	-	-	-	-	-
-	Veikkola	-	proper	12	-	-	-	-	-
-	Vekkula	-	proper	12	-	-	-	-	-
-	Velaatta	-	proper	9	tt:t	-	-	-	-
-	Velskola	-	proper	12	-	-	-	-	-
-	Velssi	-	proper	5	-	-	-	-	-
-	Ventelä	-	proper	12	-	-	-	-	-
-	Vepsä	-	proper	10	-	-	-	-	-
-	Verla	-	proper	9	-	-	-	-	-
-	Vesanka	-	proper	9	-	-	-	-	-
-	Vesijako	-	proper	1	-	-	-	-	-
-	Vesikansa	-	proper	9	-	-	-	-	-
-	Vesikkola	-	proper	12	-	-	-	-	-
-	Vestra	-	proper	9	-	-	-	-	-
-	Vetsikko	-	proper	4	kk:k	-	-	-	-
-	Vidilä	-	proper	12	-	-	-	-	-
-	Vieki	-	proper	5	-	-	-	-	-
-	Vihattu	-	proper	1	tt:t	-	-	-	-
-	Viha|vuosi	-	proper	27	-	-	-	-	-
-	Vihtari	-	proper	6	-	-	-	-	-
-	Viianki	-	proper	5	-	-	-	-	-
-	Viinikkala	-	proper	12	-	-	-	-	-
-	Viiperi	-	proper	6	-	-	-	-	-
-	Viippero	-	proper	2	-	-	-	-	-
-	Viiri	-	proper	5	-	-	-	-	-
-	Viirilä	-	proper	12	-	-	-	-	-
-	Viitaila	-	proper	13|9	-	-	-	-	-
-	Vilhula	-	proper	12	-	-	-	-	-
-	Viljala	-	proper	12	-	-	-	-	-
-	Villikkala	-	proper	12	-	-	-	-	-
-	Villilä	-	proper	12	-	-	-	-	-
-	Villinki	-	proper	5	-	-	-	-	-
-	Viluksela	-	proper	12	-	-	-	-	-
-	Vinkkilä	-	proper	12	-	-	-	-	-
-	Vintturi	-	proper	6	-	-	-	-	-
-	Virala	-	proper	12	-	-	-	-	-
-	Virkkala	-	proper	12	-	-	-	-	-
-	Virkkula	-	proper	12	-	-	-	-	-
-	Virtaa	-	proper	18	-	-	-	-	-
-	Virtaala	-	proper	13|9	-	-	-	-	-
-	Virttaa	-	proper	18	-	-	-	-	-
-	Visti	-	proper	5	-	-	-	-	-
-	Vitikka	-	proper	14	kk:k	-	-	-	-
-	Vitsari	-	proper	6	-	-	-	-	-
-	Vitsiälä	-	proper	10	-	-	-	-	-
-	Viuha	-	proper	9	-	-	-	-	-
-	Voitila	-	proper	13	-	-	-	-	-
-	Voitoinen	-	proper	38	-	-	-	-	-
-	Vojakkala	-	proper	12	-	-	-	-	-
-	Voltti	-	proper	5	tt:t	-	-	-	-
-	Voutila	-	proper	13	-	-	-	-	-
-	Vuolinko	-	proper	1	-	-	-	-	-
-	Vuonamo	-	proper	2	-	-	-	-	-
-	Vuoren|taka	-	proper	9	k:	-	-	-	-
-	Vuores	-	proper	39	-	-	-	-	-
-	Vuosanka	-	proper	9	-	-	-	-	-
-	Vuosnainen	-	proper	38	-	-	-	-	-
-	Vuotinainen	-	proper	38	-	-	-	-	-
-	Vuotso	-	proper	1	-	-	-	-	-
-	Vuotunki	-	proper	5	-	-	-	-	-
-	Vähikkälä	-	proper	12	-	-	-	-	-
-	Vähä-Heikkilä	-	proper	12	-	-	-	-	-
-	Vähä-Pellinki	-	proper	5	-	-	-	-	-
-	Vähä-Pento	-	proper	1	-	-	-	-	-
-	Vähät|kylät	-	proper-pl	10	-	-	-	-	-
-	Väinölä	-	proper	12	-	-	-	-	-
-	Välkkilä	-	proper	12	-	-	-	-	-
-	Väyrylä	-	proper	12	-	-	-	-	-
-	Väärin|maja	-	proper	9	-	-	-	-	-
-	Yks|pihlaja	-	proper	10	-	-	-	-	-
-	Yli-Kerava	-	proper	10	-	-	-	-	-
-	Yli-Kitka	-	proper	9	-	-	-	-	-
-	Yli-Koskue	-	proper	8|21	-	-	-	-	-
-	Yli-Maaria	-	proper	12	-	-	-	-	-
-	Yli-Muonio	-	proper	3	-	-	-	-	-
-	Yli-Vuotto	-	proper	1	tt:t	-	-	-	-
-	Ylä-Luosta	-	proper	10	-	-	-	-	-
-	Ylä-Malmi	-	proper	5	-	-	-	-	-
-	Ylä-Mankkaa	-	proper	18	-	-	-	-	-
-	Ylä-Pihlaja	-	proper	9	-	-	-	-	-
-	Ylä-Valtimo	-	proper	2	-	-	-	-	-
-	Ylä|mylly	-	proper	1	-	-	-	-	-
-	Ylästö	-	proper	1	-	-	-	-	-
-	Yppäri	-	proper	6	-	-	-	-	-
-	Ypyä	-	proper	12	-	-	-	-	-
-	Yrjäälä	-	proper	10	-	-	-	-	-
-	Yyteri	-	proper	6	-	-	-	-	-
-	Yövilä	-	proper	12	-	-	-	-	-
-	Äimä|rautio	-	proper	3	-	-	-	-	-
-	Ämmälä	-	proper	12	-	-	-	-	-
-	Ämmätsä	-	proper	10	-	-	-	-	-
-	Änges|levä	-	proper	10	-	-	-	-	-
-	Äystö	-	proper	1	-	-	-	-	-
-	Öllölä	-	proper	12	-	-	-	-	-
-	Itä|salmi	-	proper	7	-	-	-	-	-
-	Öykkäri	-	proper	6	-	-	-	-	-
-	Amazonas	-	proper	39	-	-	-	-	-
-	Baikonur	-	proper	?5	-	-	-	-	-
-	Bogskär	-	proper	5	-	-	-	-	-
-	Bospori	-	proper	6	-	-	-	-	-
-	Brenner|sola	-	proper	12	-	-	-	-	-
-	Džungaria	-	proper	12	-	-	-	-	-
-	Europa	-	proper	10	-	-	-	-	-
-	Guayana	-	proper	9	-	-	-	-	-
-	Haikko	-	proper	1	kk:k	-	-	-	-
-	Hesperia	-	proper	12	-	-	-	-	-
-	Itä-Karjala	-	proper	12	-	-	-	-	-
-	Kanaali|tunneli	-	proper	6	-	-	-	-	-
-	Kangasala	-	proper	12	-	-	-	-	-
-	Kapellskär	-	proper	5	-	-	-	-	-
-	Manitoba	-	proper	10	-	-	-	-	-
-	Norrskär	-	proper	5	-	-	-	-	-
-	Nottinghamshire	-	proper	8	-	-	-	-	-
-	Nyhamn	-	proper	5	-	-	-	-	-
-	Pultava	-	proper	10	-	-	-	-	-
-	Pyhätön	-	proper	34	tt:t	-	-	-	-
-	Queensland	-	proper	5	-	-	-	-	-
-	Sarek	-	proper	5	-	-	-	-	-
-	Sisä-Mongolia	-	proper	12	-	-	-	-	-
-	Slesvig	-	proper	5	-	-	-	-	-
-	Superior	-	proper	5	-	-	-	-	-
-	Tasmania	-	proper	12	-	-	-	-	-
-	Teksas	-	proper	39	-	-	-	-	-
-	Tiiskeri	-	proper	6	-	-	-	-	-
-	Yellowstone	-	proper	8	-	-	-	-	-
-	Ala|kiiminki	-	proper	5	-	-	-	-	-
-	Alavalli	-	proper	5	-	-	-	-	-
-	Apteekki	-	proper	5	kk:k	-	-	-	-
-	Auttoinen	-	proper	38	-	-	-	-	-
-	Björnträsk	-	proper	5	-	-	-	-	-
-	Emäntä	-	proper	10	-	-	-	-	-
-	Finlandia-talo	-	proper	1	-	-	-	-	-
-	Haijainen	-	proper	38	-	-	-	-	-
-	Harjut	-	proper	?5|22	-	-	-	-	-
-	Hepari	-	proper	6	-	-	-	-	-
-	Huomen|lahja	-	proper	9	-	-	-	-	-
-	Huruksela	-	proper	12	-	-	-	-	-
-	Höytiäinen	-	proper	38	-	-	-	-	-
-	Immilä	-	proper	12	-	-	-	-	-
-	Iso-Herttu	-	proper	1	tt:t	-	-	-	-
-	Iso-Kiimanen	-	proper	38	-	-	-	-	-
-	Iso-Kuusinen	-	proper	38	-	-	-	-	-
-	Iso-Malla	-	proper	9	-	-	-	-	-
-	Iso-Pukki	-	proper	5	kk:k	-	-	-	-
-	Itä|toukki	-	proper	5	kk:k	-	-	-	-
-	Jakkula	-	proper	12	-	-	-	-	-
-	Joen|kielinen	-	proper	38	-	-	-	-	-
-	Juoksenki	-	proper	5	-	-	-	-	-
-	Kaarila	-	proper	13	-	-	-	-	-
-	Kaava	-	proper	9	-	-	-	-	-
-	Kaldoaivi	-	proper	5	-	-	-	-	-
-	Kalotti|reitti	-	proper	5	tt:t	-	-	-	-
-	Kaukheimonen	-	proper	38	-	-	-	-	-
-	Kaura	-	proper	9	-	-	-	-	-
-	Kellokas	-	proper	39	-	-	-	-	-
-	Kevitsa	-	proper	9	-	-	-	-	-
-	Kevätön	-	proper	34	tt:t	-	-	-	-
-	Kiettare	-	proper	8	-	-	-	-	-
-	Kili	-	proper	5	-	-	-	-	-
-	Kirkko|tie	-	proper	19	-	-	-	-	-
-	Kissan|häntä	-	proper	10	nt:nn	-	-	-	-
-	Kitinen	-	proper	38	-	-	-	-	-
-	Kolkka	-	proper	10	kk:k	-	-	-	-
-	Kolu	-	proper	1	-	-	-	-	-
-	Kolvanan|uuro	-	proper	1	-	-	-	-	-
-	Koukkuri	-	proper	6	-	-	-	-	-
-	Kramppi	-	proper	5	pp:p	-	-	-	-
-	Kuhnamo	-	proper	2	-	-	-	-	-
-	Kuivi	-	proper	5	-	-	-	-	-
-	Kultala	-	proper	12	-	-	-	-	-
-	Kuningatar	-	proper	6	-	-	-	-	-
-	Kuolimo	-	proper	2	-	-	-	-	-
-	Kurttila	-	proper	13	-	-	-	-	-
-	Kämmäkkä	-	proper	14	kk:k	-	-	-	-
-	Könkämä|eno	-	proper	1	-	-	-	-	-
-	Laka|laiva	-	proper	9	-	-	-	-	-
-	Leiri	-	proper	5	-	-	-	-	-
-	Liikola	-	proper	12	-	-	-	-	-
-	Limppu	-	proper	1	pp:p	-	-	-	-
-	Lonna	-	proper	10	-	-	-	-	-
-	Loue	-	proper	8	-	-	-	-	-
-	Luokka	-	proper	10	kk:k	-	-	-	-
-	Luotola	-	proper	12	-	-	-	-	-
-	Länsi-Musta	-	proper	10	-	-	-	-	-
-	Länsi|toukki	-	proper	5	kk:k	-	-	-	-
-	Lätäs|eno	-	proper	1	-	-	-	-	-
-	Löyä	-	proper	10	-	-	-	-	-
-	Maari	-	proper	5	-	-	-	-	-
-	Matari	-	proper	6	-	-	-	-	-
-	Mathildedal	-	proper	6	-	-	-	-	-
-	Melkki	-	proper	5	kk:k	-	-	-	-
-	Morgam-Viipus	-	proper	39	-	-	-	-	-
-	Mula	-	proper	10	-	-	-	-	-
-	Muotka|takka	-	proper	9	kk:k	-	-	-	-
-	Musta-Ruhmas	-	proper	39	-	-	-	-	-
-	Musta|viiri	-	proper	5	-	-	-	-	-
-	Myttäälä	-	proper	10	-	-	-	-	-
-	Naisten|klinikka	-	proper	14	kk:k	-	-	-	-
-	Nappa	-	proper	9	pp:p	-	-	-	-
-	Nattaset	-	proper	?5|22	-	-	-	-	-
-	Ojakkala	-	proper	12	-	-	-	-	-
-	Omenainen	-	proper	38	-	-	-	-	-
-	Pappila	-	proper	13	-	-	-	-	-
-	Paratiisi	-	proper	5	-	-	-	-	-
-	Parsi	-	proper	5	-	-	-	-	-
-	Peltoaivi	-	proper	5	-	-	-	-	-
-	Pieni-Onkamo	-	proper	2	-	-	-	-	-
-	Pikku-Malla	-	proper	9	-	-	-	-	-
-	Pikku-Musta	-	proper	10	-	-	-	-	-
-	Pikku-Pukki	-	proper	5	kk:k	-	-	-	-
-	Pikku-Simi	-	proper	5	-	-	-	-	-
-	Pillinki	-	proper	5	-	-	-	-	-
-	Poro|eno	-	proper	1	-	-	-	-	-
-	Porsas	-	proper	39	-	-	-	-	-
-	Prinsessa	-	proper	9	-	-	-	-	-
-	Prinssi	-	proper	5	-	-	-	-	-
-	Puolar|maari	-	proper	5	-	-	-	-	-
-	Rajalla	-	proper	9	-	-	-	-	-
-	Rankki	-	proper	5	kk:k	-	-	-	-
-	Raspio	-	proper	3	-	-	-	-	-
-	Raumo	-	proper	1	-	-	-	-	-
-	Riihelä	-	proper	12	-	-	-	-	-
-	Riitukki	-	proper	5	kk:k	-	-	-	-
-	Romma|eno	-	proper	1	-	-	-	-	-
-	Ropi	-	proper	5	-	-	-	-	-
-	Rönni	-	proper	5	-	-	-	-	-
-	Saapas	-	proper	39	-	-	-	-	-
-	Santinen	-	proper	38	-	-	-	-	-
-	Santonen	-	proper	38	-	-	-	-	-
-	Savon|kaita	-	proper	9	-	-	-	-	-
-	Selkä|meri	-	proper	24	-	-	-	-	-
-	Sidon	-	proper	6	-	-	-	-	-
-	Siippo	-	proper	1	pp:p	-	-	-	-
-	Sokli	-	proper	5	-	-	-	-	-
-	Sokosti	-	proper	5	-	-	-	-	-
-	Sompanen	-	proper	38	-	-	-	-	-
-	Soppela	-	proper	13	-	-	-	-	-
-	Sunti	-	proper	5	-	-	-	-	-
-	Suorama	-	proper	10	-	-	-	-	-
-	Susiluola	-	proper	10	-	-	-	-	-
-	Suuri-Onkamo	-	proper	2	-	-	-	-	-
-	Säppi	-	proper	5	pp:p	-	-	-	-
-	Säviä	-	proper	12	-	-	-	-	-
-	Sääperi	-	proper	6	-	-	-	-	-
-	Takanen	-	proper	38	-	-	-	-	-
-	Tanttala	-	proper	12	-	-	-	-	-
-	Teinipussi	-	proper	5	-	-	-	-	-
-	Tesoma	-	proper	10	-	-	-	-	-
-	Trullevi	-	proper	5	-	-	-	-	-
-	Tuiskula	-	proper	12	-	-	-	-	-
-	Tuntsa	-	proper	10	-	-	-	-	-
-	Tupsu	-	proper	1	-	-	-	-	-
-	Turku|halli	-	proper	5	-	-	-	-	-
-	Ukko|halla	-	proper	9	-	-	-	-	-
-	Ulko-Tammio	-	proper	3	-	-	-	-	-
-	Ulko|krunni	-	proper	5	-	-	-	-	-
-	Unari	-	proper	6	-	-	-	-	-
-	Unnukka	-	proper	14	kk:k	-	-	-	-
-	Vaanila	-	proper	13	-	-	-	-	-
-	Valkea-Kotinen	-	proper	38	-	-	-	-	-
-	Veini	-	proper	5	-	-	-	-	-
-	Vähä-Kotka	-	proper	10	-	-	-	-	-
-	Vähä-Kuusinen	-	proper	38	-	-	-	-	-
-	Vätsäri	-	proper	6	-	-	-	-	-
-	Xinjiang	-	proper	5	-	-	-	-	-
-	Ylä-Keyritty	-	proper	1	tt:t	-	-	-	-
-	Ylös|nousemus|kappeli	-	proper	6	-	-	-	-	-
-	Ärjä	-	proper	10	-	-	-	-	-
-	Ätäskö	-	proper	1	-	-	-	-	-
-	Östersundom	-	proper	5	-	-	-	-	-
