-	Aragorn	-	noun	5	-	-	-	-	-
-	Klonkku	-	noun	1	kk:k	-	-	-	-
-	Sméagol	-	noun	5	-	-	-	-	-
-	Aabraham	-	proper	5	-	-	-	-	-
-	Aadam	-	proper	5	-	-	-	-	-
-	Agamemnon	-	proper	6	-	-	-	-	-
-	Aiskhylos	-	proper	39	-	-	-	-	-
-	Aisopos	-	proper	1S	-	-	-	-	-
-	Aisopos	-	proper	39|†5	-	-	-	-	-
-	Akihito	-	proper	1	-	-	-	-	-
-	Aladdin	-	proper	5	-	-	-	-	-
-	Alkibiades	-	proper	39|41	-	-	-	-	-
-	Alpharad	-	proper	5	-	-	-	-	-
-	Anakreon	-	proper	5	-	-	-	-	-
-	Anaksagoras	-	proper	39	-	-	-	-	-
-	Anaksimandros	-	proper	39	-	-	-	-	-
-	Antigonos	-	proper	39	-	-	-	-	-
-	Apollonios	-	proper	39	-	-	-	-	-
-	Argos	-	proper	?39	-	-	-	-	-
-	Aristeides	-	proper	39|41	-	back|†front	-	-	-
-	Aristofanes	-	proper	39|41	-	-	-	-	-
-	Aristoteles	-	proper	39|41	-	back|†front	-	-	-
-	Arkhimedes	-	proper	39|41	-	-	-	-	-
-	Arkimedes	-	proper	39|41	-	-	-	nstd	1.000
-	Arska	-	proper	9	-	-	-	-	-
-	Arwen	-	proper	?6	-	-	-	-	-
-	Asterix	-	proper	5	-	-	-	-	-
-	Attila	-	proper	12	-	-	-	-	-
-	Augustinus	-	proper	39	-	-	-	-	-
-	Aurelius	-	proper	39	-	-	-	-	-
-	Avicii	-	proper	18	-	-	-	-	-
-	Badding	-	proper	5	-	-	-	-	-
-	Banksy	-	proper	1	-	-	-	-	-
-	Behm	-	proper	5	-	-	-	-	-
-	Belisarius	-	proper	39	-	-	-	-	-
-	Benedictus	-	proper	39	-	-	-	-	-
-	Beowulf	-	proper	5	-	-	-	-	-
-	Bess	-	proper	5	-	-	-	-	-
-	Beyoncé	-	proper	21	-	-	-	-	-
-	Bilbo	-	proper	1	-	-	-	-	-
-	Bono	-	proper	1	-	-	-	-	-
-	Botticelli	-	proper	5	-	-	-	-	-
-	Buddha	-	proper	10	-	-	-	-	-
-	Caesar	-	proper	6	-	-	-	-	-
-	Cheek	-	proper	5	-	-	-	-	-
-	Cher	-	proper	5	-	-	-	-	-
-	Chisu	-	proper	1	-	-	-	-	-
-	Chuggaaconroy	-	proper	21	-	-	i|y	-	-
-	Cicciolina	-	proper	9	-	-	-	-	-
-	Claudius	-	proper	39	-	-	-	-	-
-	Contrapoints	-	proper	5	-	-	-	-	-
-	Dareios	-	proper	39	-	-	-	-	-
-	Darth Vader	-	proper	6	-	-	-	-	-
-	Darude	-	proper	8	-	-	-	-	-
-	Demokritos	-	proper	1S	-	-	-	-	-
-	Demokritos	-	proper	39|†5	-	-	-	-	-
-	Diocletianus	-	proper	39	-	-	-	-	-
-	Diogenes	-	proper	39	-	-	-	-	-
-	Donatello	-	proper	1	-	-	-	-	-
-	Dracula	-	proper	12	-	-	-	-	-
-	Dumbledore	-	proper	8	-	-	-	-	-
-	Egoraptor	-	proper	6	-	-	-	-	-
-	Eminem	-	proper	5	-	-	-	-	-
-	Empedokles	-	proper	39|41	-	-	-	-	-
-	Enkidu	-	proper	1	-	-	-	-	-
-	Enya	-	proper	13	-	-	-	-	-
-	Epikuros	-	proper	39	-	-	-	-	-
-	Eratosthenes	-	proper	39|41	-	-	-	-	-
-	Eukleides	-	proper	39|41	-	-	-	-	-
-	Euklides	-	proper	39|41	-	-	-	-	-
-	Euripides	-	proper	39|41	-	-	-	-	-
-	Europa	-	proper	10	-	-	-	-	-
-	Filippos	-	proper	39	-	-	-	-	-
-	Flavius	-	proper	39	-	-	-	-	-
-	Flo Rida	-	proper	9	-	-	-	-	-
-	Franciscus	-	proper	39	-	-	-	-	-
-	Fredi	-	proper	5	-	-	-	-	-
-	Frodo	-	proper	1	-	-	-	-	-
-	Gaius	-	proper	39	-	-	-	-	-
-	Galenos	-	proper	39	-	-	-	-	-
-	Gandalf	-	proper	5	-	-	-	-	-
-	Gilgameš	-	proper	5	-	-	-	-	-
-	Gimli	-	proper	5	-	-	-	-	-
-	Godiva	-	proper	9	-	-	-	-	-
-	Gregorius	-	proper	39	-	-	-	-	-
-	Hadrianus	-	proper	39	-	-	-	-	-
-	Herakleitos	-	proper	39	-	-	-	-	-
-	Herakles	-	proper	41|†39	-	-	-	-	-
-	Herodes	-	proper	39	-	-	-	-	-
-	Herodotos	-	proper	39	-	-	-	-	-
-	Hesekiel	-	proper	5	-	-	-	-	-
-	Hesiodos	-	proper	39	-	-	-	-	-
-	Hippokrates	-	proper	41|†39	-	-	-	-	-
-	Homeros	-	proper	1S	-	-	-	-	-
-	Homeros	-	proper	39|†5	-	-	-	-	-
-	Hulk	-	proper	5	-	-	-	-	-
-	Ilmarinen	-	proper	38	-	-	-	-	-
-	Immu	-	proper	1	-	-	-	-	-
-	Isokrates	-	proper	39|41	-	-	-	-	-
-	Jacksepticeye	-	proper	8	-	-	-	-	-
-	Jeesus	-	proper	39	-	-	-	-	-
-	Jeremia	-	proper	12	-	-	-	-	-
-	Jesaja	-	proper	9	-	-	-	-	-
-	Jippu	-	proper	1	pp:p	-	-	-	-
-	JonTron	-	proper	5	-	-	-	-	-
-	Joukahainen	-	proper	38	-	-	-	-	-
-	Justinianus	-	proper	39	-	-	-	-	-
-	Juudas	-	proper	39	-	-	-	-	-
-	Kalle	-	proper	8	-	-	-	-	-
-	Kallikrates	-	proper	39|41	-	-	-	-	-
-	Kallimakhos	-	proper	39	-	-	-	-	-
-	Kaloriina	-	proper	9	-	-	-	-	-
-	Karađorđe	-	proper	8	-	-	-	-	-
-	Ke$ha	-	proper	9	-	-	-	-	-
-	Kesha	-	proper	9	-	-	-	-	-
-	Kikka	-	proper	9	kk:k	-	-	-	-
-	Kirby	-	proper	1	-	-	-	-	-
-	Kirka	-	proper	9	-	-	-	-	-
-	Kleopatra	-	proper	9	-	-	-	-	-
-	Kolumbus	-	proper	39	-	-	-	-	-
-	Konfutse	-	proper	8	-	-	-	-	-
-	Konstantinus	-	proper	39	-	-	-	-	-
-	Kopernikus	-	proper	39	-	-	-	-	-
-	Krampus	-	proper	39	-	-	-	-	-
-	Kratinos	-	proper	39	-	-	-	-	-
-	Kristus	-	proper	39	-	-	-	-	-
-	Ksenofon	-	proper	?6	-	-	-	-	-
-	Kserkses	-	proper	39|5	-	-	-	-	-
-	Kungfutse	-	proper	8	-	-	-	-	-
-	Kyyros	-	proper	1S	-	-	-	-	-
-	Kyyros	-	proper	39|†5	-	-	-	-	-
-	Käärijä	-	proper	12	-	-	-	-	-
-	Lady Gaga	-	proper	9	-	-	-	-	-
-	Lalli	-	proper	5	-	-	-	-	-
-	Legolas	-	proper	5|39	-	-	-	-	-
-	Lemminkäinen	-	proper	38	-	-	-	-	-
-	Leukippos	-	proper	1S	-	-	-	-	-
-	Leukippos	-	proper	39|†5	-	-	-	-	-
-	Lil Wayne	-	proper	8	-	-	-	-	-
-	Link	-	proper	5	-	-	-	-	-
-	Loreen	-	proper	5	-	-	-	-	-
-	Louhi	-	proper	5	-	-	-	-	-
-	Lucifer	-	proper	5	-	-	-	-	-
-	Lucretius	-	proper	39	-	-	-	-	-
-	Luffy	-	proper	1	-	-	-	-	-
-	Lumikki	-	proper	5	kk:k	-	-	-	-
-	Madde	-	proper	8	-	-	-	-	-
-	Madonna	-	proper	10|12	-	-	-	-	-
-	Maimonides	-	proper	39|41	-	-	-	-	-
-	Markiplier	-	proper	6	-	-	-	-	-
-	Marshmello	-	proper	1	-	-	-	-	-
-	MatPat	-	proper	5	-	-	-	-	-
-	Matteus	-	proper	39	-	-	-	-	-
-	Megatron	-	proper	5	-	-	-	-	-
-	Merlin	-	proper	5	-	-	-	-	-
-	Messias	-	proper	39	-	-	-	-	-
-	Mietaa	-	proper	20	-	-	-	-	-
-	Minos	-	proper	39|5	-	-	-	-	-
-	Mooses	-	proper	39	-	-	-	-	-
-	MrBeast	-	proper	5	-	-	-	-	-
-	Muska	-	proper	10	-	-	-	-	-
-	Octavianus	-	proper	39	-	-	-	-	-
-	Odysseus	-	proper	39	-	-	-	-	-
-	Origenes	-	proper	39|41	-	-	-	-	-
-	Oura	-	proper	10	-	-	-	-	-
-	Pachacuti	-	proper	5	-	-	-	-	-
-	Pachacútec	-	proper	5	-	-	-	-	-
-	Paleface	-	proper	8	-	-	-	-	-
-	Palpatine	-	proper	8	-	-	-	-	-
-	Pandora	-	proper	10|12	-	-	-	-	-
-	PewDiePie	-	proper	8|21	-	-	-	-	-
-	Pindaros	-	proper	39	-	-	-	-	-
-	Pink	-	proper	5	-	-	-	-	-
-	Pius	-	proper	39	-	-	-	-	-
-	Platon	-	proper	6	-	-	-	-	-
-	Plutarkhos	-	proper	1S	-	-	-	-	-
-	Plutarkhos	-	proper	39|†5	-	-	-	-	-
-	Polybios	-	proper	39	-	-	-	-	-
-	Pompeius	-	proper	39	-	-	-	-	-
-	Porfyrios	-	proper	1S	-	-	-	-	-
-	Porfyrios	-	proper	39|†5	-	-	-	-	-
-	Praksiteles	-	proper	39|41	-	-	-	-	-
-	Prince	-	proper	8	-	-	-	-	-
-	ProZD	-	proper	18B	-	-	-	-	-
-	Ptolemaios	-	proper	1S	-	-	-	-	-
-	Ptolemaios	-	proper	39|†5	-	-	-	-	-
-	Putler	-	proper	6	-	-	-	-	-
-	Pythagoras	-	proper	39|41	-	-	-	-	-
-	Ramses	-	proper	39|41	-	-	-	-	-
-	Rava	-	proper	9	-	-	-	-	-
-	SSSniperWolf	-	proper	5	-	-	-	-	-
-	Saladin	-	proper	5	-	-	-	-	-
-	Sapfo	-	proper	1	-	-	-	-	-
-	Saruman	-	proper	5	-	-	-	-	-
-	Seleukos	-	proper	39	-	-	-	-	-
-	Severus	-	proper	39	-	-	-	-	-
-	Shakira	-	proper	13	-	-	-	-	-
-	Signmark	-	proper	5	-	-	-	-	-
-	Simonides	-	proper	39|41	-	-	-	-	-
-	Skanderbeg	-	proper	5	-	-	-	-	-
-	Sofokles	-	proper	39|41	-	-	-	-	-
-	Sokrates	-	proper	39|41	-	-	-	-	-
-	Spede	-	proper	8	-	-	-	-	-
-	Steen1	-	proper	31B	-	-	-	-	-
-	Stevie Wonder	-	proper	6	-	-	-	-	-
-	Strabon	-	proper	?6	-	-	-	-	-
-	Tartsa	-	proper	9	-	-	-	-	-
-	Tarzan	-	proper	6	-	-	-	-	-
-	Thales	-	proper	39|41	-	-	-	-	-
-	Themistokles	-	proper	39|41	-	-	-	-	-
-	Theodosius	-	proper	39	-	-	-	-	-
-	Theofrastos	-	proper	39	-	-	-	-	-
-	Theokritos	-	proper	39	-	-	-	-	-
-	Thukydides	-	proper	39|41	-	-	-	-	-
-	Thutmosis	-	proper	39	-	-	-	-	-
-	Tiberius	-	proper	39	-	-	-	-	-
-	Tito	-	proper	1	-	-	-	-	-
-	Titus	-	proper	39	-	-	-	-	-
-	Toad	-	proper	5	-	-	-	-	-
-	Trajanus	-	proper	39	-	-	-	-	-
-	Tuhkimo	-	proper	2	-	-	-	-	-
-	Tuksu	-	proper	1	-	-	-	-	-
-	Tutankhamon	-	proper	5	-	-	-	-	-
-	Tutankhamun	-	proper	5	-	-	-	-	-
-	UKK	-	proper	18B	-	-	-	-	-
-	Usher	-	proper	6	-	-	-	-	-
-	Vickan	-	proper	?6	-	-	-	-	-
-	Voldemort	-	proper	5	-	-	-	-	-
-	Väinämöinen	-	proper	38	-	-	-	-	-
-	Wayland	-	proper	5	-	-	-	-	-
-	Weeknd	-	proper	5	-	-	-	-	-
-	Xena	-	proper	9	-	-	-	-	-
-	Zack	-	proper	5	-	-	-	-	-
-	Zarathustra	-	proper	10|12	-	-	-	-	-
-	Zenon	-	proper	6	-	-	-	-	-
-	Zorro	-	proper	1	-	-	-	-	-
-	Ötzi	-	proper	5	-	-	-	-	-
-	Iso-Arska	-	proper	9	-	-	-	-	-
-	Jay-Z	-	proper	10B	-	-	-	-	-
-	Kublai-kaani	-	proper	5	-	-	-	-	-
-	Tšingis-kaani	-	proper	5	-	-	-	-	-
-	Getto|masa	-	proper	9	-	-	-	-	-
Cap	edes	-	proper	41	-	-	-	-	10.000
Cap	idas	-	proper	41	-	-	-	-	10.000
Cap	ides	-	proper	41	-	-	-	-	10.000
Cap	kles	-	proper	41	-	-	-	-	4.000
Cap	krates	-	proper	39|41	-	-	-	-	4.000
Cap	kritos	-	proper	39	-	-	-	-	4.000
