.*	n|aikainen	-	adjective	38	-	-	-	-	3.000
.*	n|alainen	-	adjective	38	-	-	-	-	3.000
.*	n|arvoinen	-	adjective	38	-	-	-	-	3.000
.*	n|haluinen	-	adjective	38	-	-	-	-	3.000
.*	n|harmaa	-	adjective	17	-	-	-	-	3.000
.*	n|henkinen	-	adjective	38	-	-	-	-	3.000
.*	n|himoinen	-	adjective	38	-	-	-	-	3.000
.*	n|hohteinen	-	adjective	38	-	-	-	-	3.000
.*	n|hohtoinen	-	adjective	38	-	-	-	-	3.000
.*	n|hoidollinen	-	adjective	38	-	-	-	-	3.000
.*	n|kaltainen	-	adjective	38	-	-	-	-	3.000
.*	n|karvainen	-	adjective	38	-	-	-	-	3.000
.*	n|katkuinen	-	adjective	38	-	-	-	-	3.000
.*	n|keltainen	-	adjective	38	-	-	-	-	3.000
.*	n|kertainen	-	adjective	38	-	-	-	-	3.000
.*	n|kestävä	-	adjective	10	-	-	-	-	3.000
.*	n|kielinen	-	adjective	38	-	-	-	-	3.000
.*	n|kokoinen	-	adjective	38	-	-	-	-	3.000
.*	n|korkuinen	-	adjective	38	-	-	-	-	3.000
.*	n|koskelainen	-	adjective	38	-	-	-	-	3.000
.*	n|laatuinen	-	adjective	38	-	-	-	-	3.000
.*	n|lainen	-	adjective	38	-	-	-	-	3.000
.*	n|luonteinen	-	adjective	38	-	-	-	-	3.000
.*	n|maalainen	-	adjective	38	-	-	-	-	3.000
.*	n|makuinen	-	adjective	38	-	-	-	-	3.000
.*	n|mallinen	-	adjective	38	-	-	-	-	3.000
.*	n|mielinen	-	adjective	38	-	-	-	-	3.000
.*	n|moinen	-	adjective	38	-	-	-	-	3.000
.*	n|mukainen	-	adjective	38	-	-	-	-	3.000
.*	n|muotoinen	-	adjective	38	-	-	-	-	3.000
.*	n|musta	-	adjective	10	-	-	-	-	3.000
.*	n|nahkainen	-	adjective	38	-	-	-	-	3.000
.*	n|omainen	-	adjective	38	-	-	-	-	3.000
.*	n|pitävä	-	adjective	10	-	-	-	-	3.000
.*	n|punainen	-	adjective	38	-	-	-	-	3.000
.*	n|puoleinen	-	adjective	38	-	-	-	-	3.000
.*	n|puolinen	-	adjective	38	-	-	-	-	3.000
.*	n|sekainen	-	adjective	38	-	-	-	-	3.000
.*	n|sininen	-	adjective	38	-	-	-	-	3.000
.*	n|sininen	-	adjective	38	-	front	-	-	3.000
.*	n|suomalainen	-	adjective	38	-	-	-	-	3.000
.*	n|suuntainen	-	adjective	38	-	-	-	-	3.000
.*	n|tahtoinen	-	adjective	38	-	-	-	-	3.000
.*	n|taitoinen	-	adjective	38	-	-	-	-	3.000
.*	n|tajuinen	-	adjective	38	-	-	-	-	3.000
.*	n|takainen	-	adjective	38	-	-	-	-	3.000
.*	n|tapainen	-	adjective	38	-	-	-	-	3.000
.*	n|tuntoinen	-	adjective	38	-	-	-	-	3.000
.*	n|tyyppinen	-	adjective	38	-	-	-	-	3.000
.*	n|valkea	-	adjective	15	-	-	-	-	3.000
.*	n|valkoinen	-	adjective	38	-	-	-	-	3.000
.*	n|valtainen	-	adjective	38	-	-	-	-	3.000
.*	n|varainen	-	adjective	38	-	-	-	-	3.000
.*	n|vastainen	-	adjective	38	-	-	-	-	3.000
.*	n|vertainen	-	adjective	38	-	-	-	-	3.000
.*	n|vihreä	-	adjective	15	-	-	-	-	3.000
.*	n|vuotinen	-	adjective	38	-	-	-	-	3.000
.*	n|välinen	-	adjective	38	-	-	-	-	3.000
.*	|aiheinen	-	adjective	38	-	-	-	-	3.000
.*	|alainen	-	adjective	38	-	-	-	-	3.000
.*	|altis	-	adjective	41	tt:t	-	-	-	3.000
.*	|arvoinen	-	adjective	38	-	-	-	-	3.000
.*	|hakuinen	-	adjective	38	-	-	-	-	3.000
.*	|haluinen	-	adjective	38	-	-	-	-	3.000
.*	|henkinen	-	adjective	38	-	-	-	-	3.000
.*	|hintainen	-	adjective	38	-	-	-	-	3.000
.*	|historiallinen	-	adjective	38	-	-	-	-	3.000
.*	|hohtoinen	-	adjective	38	-	-	-	-	3.000
.*	|ihoinen	-	adjective	38	-	-	-	-	3.000
.*	|jakoinen	-	adjective	38	-	-	-	-	3.000
.*	|jalkainen	-	adjective	38	-	-	-	-	3.000
.*	|jokelainen	-	adjective	38	-	-	-	-	3.000
.*	|jokinen	-	adjective	38	-	-	-	-	3.000
.*	|kantainen	-	adjective	38	-	-	-	-	3.000
.*	|kantinen	-	adjective	38	-	-	-	-	3.000
.*	|karvainen	-	adjective	38	-	-	-	-	3.000
.*	|kasvoinen	-	adjective	38	-	-	-	-	3.000
.*	|kasvuinen	-	adjective	38	-	-	-	-	3.000
.*	|katseinen	-	adjective	38	-	-	-	-	3.000
.*	|kattoinen	-	adjective	38	-	-	-	-	3.000
.*	|kautinen	-	adjective	38	-	-	-	-	3.000
.*	|kelpoinen	-	adjective	38	-	-	-	-	3.000
.*	|keltainen	-	adjective	38	-	-	-	-	3.000
.*	|kertainen	-	adjective	38	-	-	-	-	3.000
.*	|keskeinen	-	adjective	38	-	-	-	-	3.000
.*	|kielinen	-	adjective	38	-	-	-	-	3.000
.*	|kohtainen	-	adjective	38	-	-	-	-	3.000
.*	|kokoinen	-	adjective	38	-	-	-	-	3.000
.*	|koskelainen	-	adjective	38	-	-	-	-	3.000
.*	|kuinen	-	adjective	38	-	-	-	-	3.000
.*	|kukkainen	-	adjective	38	-	-	-	-	3.000
.*	|kulmainen	-	adjective	38	-	-	-	-	3.000
.*	|kuntoinen	-	adjective	38	-	-	-	-	3.000
.*	|kuvioinen	-	adjective	38	-	-	-	-	3.000
.*	|kykyinen	-	adjective	38	-	-	-	-	3.000
.*	|kymppinen	-	adjective	38	-	-	-	-	3.000
.*	|käyttöinen	-	adjective	38	-	-	-	-	3.000
.*	|köyhä	-	adjective	10	-	-	-	-	3.000
.*	|laatuinen	-	adjective	38	-	-	-	-	3.000
.*	|lahtelainen	-	adjective	38	-	-	-	-	3.000
.*	|lainen	-	adjective	38	-	-	-	-	3.000
.*	|lehtinen	-	adjective	38	-	-	-	-	3.000
.*	|liikkeinen	-	adjective	38	-	-	-	-	3.000
.*	|liukoinen	-	adjective	38	-	-	-	-	3.000
.*	|lukuinen	-	adjective	38	-	-	-	-	3.000
.*	|luokkalainen	-	adjective	38	-	-	-	-	3.000
.*	|luonteinen	-	adjective	38	-	-	-	-	3.000
.*	|luontoinen	-	adjective	38	-	-	-	-	3.000
.*	|maalainen	-	adjective	38	-	-	-	-	3.000
.*	|mallinen	-	adjective	38	-	-	-	-	3.000
.*	|mielinen	-	adjective	38	-	-	-	-	3.000
.*	|mittainen	-	adjective	38	-	-	-	-	3.000
.*	|moinen	-	adjective	38	-	-	-	-	3.000
.*	|mukainen	-	adjective	38	-	-	-	-	3.000
.*	|muotoinen	-	adjective	38	-	-	-	-	3.000
.*	|muotoinen	-	adjective	38	-	-	-	-	3.000
.*	|määräinen	-	adjective	38	-	-	-	-	3.000
.*	|nahkainen	-	adjective	38	-	-	-	-	3.000
.*	|negatiivinen	-	adjective	38	-	-	-	-	3.000
.*	|oikeudellinen	-	adjective	38	-	-	-	-	3.000
.*	|omainen	-	adjective	38	-	-	-	-	3.000
.*	|opillinen	-	adjective	38	-	-	-	-	3.000
.*	|osainen	-	adjective	38	-	-	-	-	3.000
.*	|otteinen	-	adjective	38	-	-	-	-	3.000
.*	|painoinen	-	adjective	38	-	-	-	-	3.000
.*	|palkkainen	-	adjective	38	-	-	-	-	3.000
.*	|partainen	-	adjective	38	-	-	-	-	3.000
.*	|peitteinen	-	adjective	38	-	-	-	-	3.000
.*	|peräinen	-	adjective	38	-	-	-	-	3.000
.*	|piirteinen	-	adjective	38	-	-	-	-	3.000
.*	|pintainen	-	adjective	38	-	-	-	-	3.000
.*	|pitoinen	-	adjective	38	-	-	-	-	3.000
.*	|pituinen	-	adjective	38	-	-	-	-	3.000
.*	|pohjainen	-	adjective	38	-	-	-	-	3.000
.*	|poliittinen	-	adjective	38	-	-	-	-	3.000
.*	|positiivinen	-	adjective	38	-	-	-	-	3.000
.*	|puheinen	-	adjective	38	-	-	-	-	3.000
.*	|puinen	-	adjective	38	-	-	-	-	3.000
.*	|pukuinen	-	adjective	38	-	-	-	-	3.000
.*	|punainen	-	adjective	38	-	-	-	-	3.000
.*	|puoleinen	-	adjective	38	-	-	-	-	3.000
.*	|puolinen	-	adjective	38	-	-	-	-	3.000
.*	|päällysteinen	-	adjective	38	-	-	-	-	3.000
.*	|raitainen	-	adjective	38	-	-	-	-	3.000
.*	|rakenteinen	-	adjective	38	-	-	-	-	3.000
.*	|rakenteinen	-	adjective	38	-	-	-	-	3.000
.*	|rikas	-	adjective	41	kk:k	-	-	-	3.000
.*	|runkoinen	-	adjective	38	-	-	-	-	3.000
.*	|ruutuinen	-	adjective	38	-	-	-	-	3.000
.*	|saarelainen	-	adjective	38	-	-	-	-	3.000
.*	|sanainen	-	adjective	38	-	-	-	-	3.000
.*	|sidonnainen	-	adjective	38	-	-	-	-	3.000
.*	|sininen	-	adjective	38	-	-	-	-	3.000
.*	|sisäinen	-	adjective	38	-	-	-	-	3.000
.*	|sointinen	-	adjective	38	-	-	-	-	3.000
.*	|suinen	-	adjective	38	-	-	-	-	3.000
.*	|suomalainen	-	adjective	38	-	-	-	-	3.000
.*	|suuntainen	-	adjective	38	-	-	-	-	3.000
.*	|syntyinen	-	adjective	38	-	-	-	-	3.000
.*	|tahtinen	-	adjective	38	-	-	-	-	3.000
.*	|tahtoinen	-	adjective	38	-	-	-	-	3.000
.*	|taitoinen	-	adjective	38	-	-	-	-	3.000
.*	|tajuinen	-	adjective	38	-	-	-	-	3.000
.*	|takainen	-	adjective	38	-	-	-	-	3.000
.*	|taloudellinen	-	adjective	38	-	-	-	-	3.000
.*	|tapainen	-	adjective	38	-	-	-	-	3.000
.*	|tasoinen	-	adjective	38	-	-	-	-	3.000
.*	|tasoinen	-	adjective	38	-	-	-	-	3.000
.*	|taustainen	-	adjective	38	-	-	-	-	3.000
.*	|tautinen	-	adjective	38	-	-	-	-	3.000
.*	|tehoinen	-	adjective	38	-	-	-	-	3.000
.*	|tekninen	-	adjective	38	-	-	-	-	3.000
.*	|tekoinen	-	adjective	38	-	-	-	-	3.000
.*	|tieteellinen	-	adjective	38	-	-	-	-	3.000
.*	|tietoinen	-	adjective	38	-	-	-	-	3.000
.*	|toiminen	-	adjective	38	-	-	-	-	3.000
.*	|tukkainen	-	adjective	38	-	-	-	-	3.000
.*	|tuloinen	-	adjective	38	-	-	-	-	3.000
.*	|turvallinen	-	adjective	38	-	-	-	-	3.000
.*	|tyylinen	-	adjective	38	-	-	-	-	3.000
.*	|tyyppinen	-	adjective	38	-	-	-	-	3.000
.*	|ulkoinen	-	adjective	38	-	-	-	-	3.000
.*	|uskoinen	-	adjective	38	-	-	-	-	3.000
.*	|valkoinen	-	adjective	38	-	-	-	-	3.000
.*	|valtainen	-	adjective	38	-	-	-	-	3.000
.*	|vammainen	-	adjective	38	-	-	-	-	3.000
.*	|vapaa	-	adjective	17	-	-	-	-	3.000
.*	|varainen	-	adjective	38	-	-	-	-	3.000
.*	|vartaloinen	-	adjective	38	-	-	-	-	3.000
.*	|vartinen	-	adjective	38	-	-	-	-	3.000
.*	|vastainen	-	adjective	38	-	-	-	-	3.000
.*	|velvollinen	-	adjective	38	-	-	-	-	3.000
.*	|verinen	-	adjective	38	-	-	-	-	3.000
.*	|vetinen	-	adjective	38	-	-	-	-	3.000
.*	|vetoinen	-	adjective	38	-	-	-	-	3.000
.*	|vikainen	-	adjective	38	-	-	-	-	3.000
.*	|voimainen	-	adjective	38	-	-	-	-	3.000
.*	|voittoinen	-	adjective	38	-	-	-	-	3.000
.*	|vuotinen	-	adjective	38	-	-	-	-	3.000
.*	|ystävällinen	-	adjective	38	-	-	-	-	3.000
