-	abdominoplastia	-	noun	12	-	-	-	-	-
-	absentismi	-	noun	5	-	-	-	-	-
-	aerobaatti	-	noun	5	tt:t	-	-	-	-
-	aerobatiikka	-	noun	9	kk:k	-	-	-	-
-	aerofagia	-	noun	12	-	-	-	-	-
-	afalgesia	-	noun	12	-	-	-	-	-
-	affiisio	-	noun	3	-	-	-	-	-
-	aflibersepti	-	noun	5	-	-	-	-	-
-	agapaksia	-	noun	12	-	-	-	-	-
-	agglutiniini	-	noun	5	-	-	-	-	-
-	agglutinogeeni	-	noun	5	-	front|back	-	-	-
-	agitofasia	-	noun	12	-	-	-	-	-
-	agrafognosia	-	noun	12	-	-	-	-	-
-	agromania	-	noun	12	-	-	-	-	-
-	aikomofobia	-	noun	12	-	-	-	-	-
-	akantamebakeratiitti	-	noun	5	tt:t	-	-	-	-
-	akantoosi	-	noun	5	-	-	-	-	-
-	akenestesia	-	noun	12	-	-	-	-	-
-	akinesia	-	noun	12	-	-	-	-	-
-	akseleraattori	-	noun	6	-	-	-	-	-
-	aktigrafi	-	noun	5	-	-	-	-	-
-	aktuaalius	-	noun	40	-	-	-	-	-
-	aktualiteetti	-	noun	5	tt:t	-	-	-	-
-	akulalia	-	noun	12	-	-	-	-	-
-	albumoosi	-	noun	5	-	-	-	-	-
-	aldosteronismi	-	noun	5	-	-	-	-	-
-	aleksanteritekniikka	-	noun	9	kk:k	-	-	-	-
-	aleksiini	-	noun	5	-	-	-	-	-
-	algolagnia	-	noun	12	-	-	-	-	-
-	algometria	-	noun	12	-	-	-	-	-
-	alimentaatio	-	noun	3	-	-	-	-	-
-	allonyymi	-	noun	5	-	front|back	-	-	-
-	alogia	-	noun	12	-	-	-	-	-
-	alsacelainen	-	noun	38	-	-	-	-	-
-	alternaatio	-	noun	3	-	-	-	-	-
-	ameloblastooma	-	noun	10	-	-	-	-	-
-	amorfosynteesi	-	noun	5	-	front	-	-	-
-	amputoiminen	-	noun	38	-	-	-	-	-
-	anabolismi	-	noun	5	-	-	-	-	-
-	anageeni	-	noun	5	-	front|back	-	-	-
-	analgia	-	noun	12	-	-	-	-	-
-	androseksuaalisuus	-	noun	40	-	-	-	-	-
-	anemoskooppi	-	noun	5	pp:p	-	-	-	-
-	angiogrammi	-	noun	5	-	-	-	-	-
-	anglomaani	-	noun	5	-	-	-	-	-
-	anksiolyysi	-	noun	5	-	front|back	-	-	-
-	ankyloosi	-	noun	5	-	-	-	-	-
-	annulaatio	-	noun	3	-	-	-	-	-
-	anonymisointi	-	noun	5	nt:nn	-	-	-	-
-	anonymisointitekniikka	-	noun	9	kk:k	-	-	-	-
-	antiangiogeneesi	-	noun	5	-	front|back	-	-	-
-	antiepilepti	-	noun	5	-	front	-	-	-
-	antikonvulsantti	-	noun	5	tt:t	-	-	-	-
-	antisipaatio	-	noun	3	-	-	-	-	-
-	antitussiivi	-	noun	5	-	-	-	-	-
-	anuloplastia	-	noun	12	-	-	-	-	-
-	anuria	-	noun	12	-	-	-	-	-
-	aorttadissekaatio	-	noun	3	-	-	-	-	-
-	aponeuroosi	-	noun	5	-	-	-	-	-
-	appendikektomia	-	noun	12	-	-	-	-	-
-	appendisektomia	-	noun	12	-	-	-	-	-
-	arginiinivasotosiini	-	noun	5	-	-	-	-	-
-	aritmologia	-	noun	12	-	-	-	-	-
-	arpeutuminen	-	noun	38	-	-	-	-	-
-	arteriografia	-	noun	12	-	-	-	-	-
-	artroplastia	-	noun	12	-	-	-	-	-
-	artrotomia	-	noun	12	-	-	-	-	-
-	aspirantti	-	noun	5	tt:t	-	-	-	-
-	assimilaatti	-	noun	5	tt:t	-	-	-	-
-	astereognosia	-	noun	12	-	-	-	-	-
-	ataranalgesia	-	noun	12	-	-	-	-	-
-	atomistiikka	-	noun	9	kk:k	-	-	-	-
-	attentaattori	-	noun	6	-	-	-	-	-
-	attenuaatio	-	noun	3	-	-	-	-	-
-	atymia	-	noun	12	-	-	-	-	-
-	auditio	-	noun	3	-	-	-	-	-
-	auranofiini	-	noun	5	-	-	-	-	-
-	autofonia	-	noun	12	-	-	-	-	-
-	autografi	-	noun	5	-	-	-	-	-
-	autolyyttinen	-	adjective	38	-	front|back	-	-	-
-	autonomisti	-	noun	5	-	-	-	-	-
-	autoplastia	-	noun	12	-	-	-	-	-
-	autoskopia	-	noun	12	-	-	-	-	-
-	autotopagnosia	-	noun	12	-	-	-	-	-
-	bakteriostaattinen	-	adjective	38	-	-	-	-	-
-	balettomaani	-	noun	5	-	-	-	-	-
-	bariatria	-	noun	12	-	-	-	-	-
-	bartholiniitti	-	noun	5	tt:t	-	-	-	-
-	bifidusfaktori	-	noun	6	-	-	-	-	-
-	bilooma	-	noun	10	-	-	-	-	-
-	biologismi	-	noun	5	-	-	-	-	-
-	blefaroplastia	-	noun	12	-	-	-	-	-
-	bombesiini	-	noun	5	-	-	-	-	-
-	bradyfrenia	-	noun	12	-	-	-	-	-
-	brazzavilleläinen	-	adjective	38	-	-	-	-	-
-	brazzavilleläinen	-	noun	38	-	-	-	-	-
-	brutaalisuus	-	noun	40	-	-	-	-	-
-	brutaliteetti	-	noun	5	tt:t	-	-	-	-
-	budapestiläinen	-	adjective	38	-	-	-	-	-
-	budapestiläinen	-	noun	38	-	-	-	-	-
-	bysantologia	-	noun	12	-	-	-	-	-
-	costalgia	-	noun	12	-	-	-	-	-
-	coxalgia	-	noun	12	-	-	-	-	-
-	daktyliitti	-	noun	5	tt:t	-	-	-	-
-	daltepariini	-	noun	5	-	-	-	-	-
-	dedikaatio	-	noun	3	-	-	-	-	-
-	deesi	-	noun	5	-	-	-	-	-
-	defensiivi	-	noun	5	-	-	-	-	-
-	deflatointi	-	noun	5	nt:nn	-	-	-	-
-	degranulaatio	-	noun	3	-	-	-	-	-
-	dehydratointi	-	noun	5	nt:nn	-	-	-	-
-	dekompositio	-	noun	3	-	-	-	-	-
-	dematerialisaatio	-	noun	3	-	-	-	-	-
-	demenssi	-	noun	5	-	-	-	-	-
-	demiromanttisuus	-	noun	40	-	-	-	-	-
-	demonstraattori	-	noun	6	-	-	-	-	-
-	demoralisaatio	-	noun	3	-	-	-	-	-
-	demyelinisaatio	-	noun	3	-	-	-	-	-
-	denervaatio	-	noun	3	-	-	-	-	-
-	denominaali	-	noun	5	-	-	-	-	-
-	deportaatio	-	noun	3	-	-	-	-	-
-	depravaatio	-	noun	3	-	-	-	-	-
-	dermatofibrosarkooma	-	noun	10	-	-	-	-	-
-	desendentti	-	noun	5	tt:t	-	-	-	-
-	desilluusio	-	noun	3	-	-	-	-	-
-	desperaatio	-	noun	3	-	-	-	-	-
-	destillaatio	-	noun	3	-	-	-	-	-
-	destillaatti	-	noun	5	tt:t	-	-	-	-
-	destinaatio	-	noun	3	-	-	-	-	-
-	detektiivi	-	noun	5	-	-	-	-	-
-	determinaatio	-	noun	3	-	-	-	-	-
-	detransitio	-	noun	3	-	-	-	-	-
-	diadokokineesi	-	noun	5	-	front|back	-	-	-
-	diadokokinesia	-	noun	12	-	-	-	-	-
-	dialektologi	-	noun	5	-	-	-	-	-
-	dialysaattori	-	noun	6	-	-	-	-	-
-	dibetsoksatsepiini	-	noun	5	-	-	-	-	-
-	dietyyliamiinisalisylaatti	-	noun	5	tt:t	-	-	-	-
-	difenyylibutyylipiperidiini	-	noun	5	-	-	-	-	-
-	digrammi	-	noun	5	-	-	-	-	-
-	dihydroergotamiini	-	noun	5	-	-	-	-	-
-	dihydroergotamiinimesilaatti	-	noun	5	tt:t	-	-	-	-
-	dilaatio	-	noun	3	-	-	-	-	-
-	dimetyyliserotoniini	-	noun	5	-	-	-	-	-
-	diplofaasi	-	noun	5	-	-	-	-	-
-	disipliini	-	noun	5	-	-	-	-	-
-	dispensaatio	-	noun	3	-	-	-	-	-
-	dissekaatio	-	noun	3	-	-	-	-	-
-	dissekoituminen	-	noun	38	-	-	-	-	-
-	dissimilaatio	-	noun	3	-	-	-	-	-
-	dissosaatio	-	noun	3	-	-	-	-	-
-	donaatio	-	noun	3	-	-	-	-	-
-	duktografia	-	noun	12	-	-	-	-	-
-	duodenoskooppi	-	noun	5	pp:p	-	-	-	-
-	dysfonia	-	noun	12	-	-	-	-	-
-	dysgerminooma	-	noun	10	-	-	-	-	-
-	dysgnosia	-	noun	12	-	-	-	-	-
-	dysmorfofobia	-	noun	12	-	-	-	-	-
-	dyssymbioosi	-	noun	5	-	-	-	-	-
-	eburnaatio	-	noun	3	-	-	-	-	-
-	egalitaari	-	noun	5	-	-	-	-	-
-	egopatia	-	noun	12	-	-	-	-	-
-	egotismi	-	noun	5	-	-	-	-	-
-	ekofrasia	-	noun	12	-	-	-	-	-
-	ekopatia	-	noun	12	-	-	-	-	-
-	ekopraksia	-	noun	12	-	-	-	-	-
-	eksekuutio	-	noun	3	-	-	-	-	-
-	eksellenssi	-	noun	5	-	-	-	-	-
-	ekshibitio	-	noun	3	-	-	-	-	-
-	eksitaatio	-	noun	3	-	-	-	-	-
-	ekskavaattori	-	noun	6	-	-	-	-	-
-	ekskiisio	-	noun	3	-	-	-	-	-
-	ekskisio	-	noun	3	-	-	-	-	-
-	eksklamaatio	-	noun	3	-	-	-	-	-
-	ekskoriaatio	-	noun	3	-	-	-	-	-
-	ekskrementti	-	noun	5	tt:t	-	-	-	-
-	ekspediitti	-	noun	5	tt:t	-	-	-	-
-	ekspediointi	-	noun	5	nt:nn	-	-	-	-
-	ekspeditio	-	noun	3	-	-	-	-	-
-	eksperimentaatio	-	noun	3	-	-	-	-	-
-	eksperimentti	-	noun	5	tt:t	-	-	-	-
-	ekspiraatio	-	noun	3	-	-	-	-	-
-	eksplanaatio	-	noun	3	-	-	-	-	-
-	eksplisiitti	-	noun	5	tt:t	-	-	-	-
-	eksploataatio	-	noun	3	-	-	-	-	-
-	eksploraatio	-	noun	3	-	-	-	-	-
-	eksploraattori	-	noun	6	-	-	-	-	-
-	ekspositio	-	noun	3	-	-	-	-	-
-	ekspressiviteetti	-	noun	5	tt:t	-	-	-	-
-	ekspropriaatio	-	noun	3	-	-	-	-	-
-	ekstensiteetti	-	noun	5	tt:t	-	-	-	-
-	eksteriorisaatio	-	noun	3	-	-	-	-	-
-	eksterritoriaalisuus	-	noun	40	-	-	-	-	-
-	ekstirpaatio	-	noun	3	-	-	-	-	-
-	ekstraditio	-	noun	3	-	-	-	-	-
-	ekstravasaatio	-	noun	3	-	-	-	-	-
-	ekstremiteetti	-	noun	5	tt:t	-	-	-	-
-	ekvipollenssi	-	noun	5	-	-	-	-	-
-	elektoraatti	-	noun	5	tt:t	-	-	-	-
-	elsassilainen	-	noun	38	-	-	-	-	-
-	emfaasi	-	noun	5	-	-	-	-	-
-	endarteriektomia	-	noun	12	-	-	-	-	-
-	enigmatologia	-	noun	12	-	-	-	-	-
-	enoksapariini	-	noun	5	-	-	-	-	-
-	enosimania	-	noun	12	-	-	-	-	-
-	enosiofobia	-	noun	12	-	-	-	-	-
-	enterologia	-	noun	12	-	-	-	-	-
-	entesiitti	-	noun	5	tt:t	-	-	-	-
-	enumeraatio	-	noun	3	-	-	-	-	-
-	environmentalismi	-	noun	5	-	-	-	-	-
-	epenteesi	-	noun	5	-	-	-	-	-
-	epididymiitti	-	noun	5	tt:t	-	-	-	-
-	episkopaatti	-	noun	5	tt:t	-	-	-	-
-	epistemologi	-	noun	5	-	-	-	-	-
-	ergasiatria	-	noun	12	-	-	-	-	-
-	ergomania	-	noun	12	-	-	-	-	-
-	ergotamiinitartraatti	-	noun	5	tt:t	-	-	-	-
-	eristäminen	-	noun	38	-	-	-	-	-
-	erotofobia	-	noun	12	-	-	-	-	-
-	erotogeneesi	-	noun	5	-	front|back	-	-	-
-	erotografomania	-	noun	12	-	-	-	-	-
-	erotolalia	-	noun	12	-	-	-	-	-
-	erotopatia	-	noun	12	-	-	-	-	-
-	esofagoskopia	-	noun	12	-	-	-	-	-
-	estesiologia	-	noun	12	-	-	-	-	-
-	eteläsavolainen	-	adjective	38	-	-	-	-	-
-	etiopatogeneesi	-	noun	5	-	front|back	-	-	-
-	eubiotiikka	-	noun	9	kk:k	-	-	-	-
-	eudaimonisti	-	noun	5	-	-	-	-	-
-	euforisoiva	-	adjective	10	-	-	-	-	-
-	eulogia	-	noun	12	-	-	-	-	-
-	eurotofobia	-	noun	12	-	-	-	-	-
-	eutyreoosi	-	noun	5	-	-	-	-	-
-	evakuaatio	-	noun	3	-	-	-	-	-
-	evankelioiminen	-	noun	38	-	-	-	-	-
-	eventualiteetti	-	noun	5	tt:t	-	-	-	-
-	evokaatio	-	noun	3	-	-	-	-	-
-	facialispareesi	-	noun	5	-	-	-	-	-
-	fakoskleroosi	-	noun	5	-	-	-	-	-
-	falsifikaatti	-	noun	5	tt:t	-	-	-	-
-	famakogenetiikka	-	noun	9	kk:k	-	-	-	-
-	famiini	-	noun	5	-	-	-	-	-
-	farmakoepidemiologia	-	noun	12	-	-	-	-	-
-	fataliteetti	-	noun	5	tt:t	-	-	-	-
-	favoriitti	-	noun	5	tt:t	-	-	-	-
-	fekoliitti	-	noun	5	tt:t	-	-	-	-
-	femiseksuaalisuus	-	noun	40	-	-	-	-	-
-	fenestraatio	-	noun	3	-	-	-	-	-
-	fennisismi	-	noun	5	-	-	-	-	-
-	fenomenalisti	-	noun	5	-	-	-	-	-
-	fenylketonuria	-	noun	12	-	-	-	-	-
-	festinaatio	-	noun	3	-	-	-	-	-
-	festiviteetti	-	noun	5	tt:t	-	-	-	-
-	fetologia	-	noun	12	-	-	-	-	-
-	fetoskopia	-	noun	12	-	-	-	-	-
-	fibrooma	-	noun	10	-	-	-	-	-
-	figuraatio	-	noun	3	-	-	-	-	-
-	figurismi	-	noun	5	-	-	-	-	-
-	filmologi	-	noun	5	-	-	-	-	-
-	filmologia	-	noun	12	-	-	-	-	-
-	filtraatio	-	noun	3	-	-	-	-	-
-	finaliteetti	-	noun	5	tt:t	-	-	-	-
-	firmamentti	-	noun	5	tt:t	-	-	-	-
-	flagellaatti	-	noun	5	tt:t	-	-	-	-
-	flatulenssi	-	noun	5	-	-	-	-	-
-	flebografia	-	noun	12	-	-	-	-	-
-	floridalainen	-	noun	38	-	-	-	-	-
-	fonokardiografia	-	noun	12	-	-	-	-	-
-	fonometri	-	noun	5	-	-	-	-	-
-	fonotaksia	-	noun	12	-	-	-	-	-
-	formalisaatio	-	noun	3	-	-	-	-	-
-	fosfatointi	-	noun	5	nt:nn	-	-	-	-
-	fotopia	-	noun	12	-	-	-	-	-
-	fotostaatti	-	noun	5	tt:t	-	-	-	-
-	fototeekki	-	noun	5	kk:k	-	-	-	-
-	fraktionalismi	-	noun	5	-	-	-	-	-
-	frankomania	-	noun	12	-	-	-	-	-
-	frenomania	-	noun	12	-	-	-	-	-
-	friktopatia	-	noun	12	-	-	-	-	-
-	fulminaatio	-	noun	3	-	-	-	-	-
-	fundamentti	-	noun	5	tt:t	-	-	-	-
-	funktionalisti	-	noun	5	-	-	-	-	-
-	fusionisti	-	noun	5	-	-	-	-	-
-	fysikalisti	-	noun	5	-	-	-	-	-
-	fysiografi	-	noun	5	-	-	-	-	-
-	galaniini	-	noun	5	-	-	-	-	-
-	galicialainen	-	noun	38	-	-	-	-	-
-	gallisismi	-	noun	5	-	-	-	-	-
-	gallofiili	-	noun	5	-	front|back	-	-	-
-	gallofilia	-	noun	12	-	-	-	-	-
-	gallomaani	-	noun	5	-	-	-	-	-
-	gallomania	-	noun	12	-	-	-	-	-
-	galvanisaatio	-	noun	3	-	-	-	-	-
-	gammapatia	-	noun	12	-	-	-	-	-
-	geniaalius	-	noun	40	-	-	-	-	-
-	genialiteetti	-	noun	5	tt:t	-	-	-	-
-	genooma	-	noun	10	-	-	-	-	-
-	geografi	-	noun	5	-	-	-	-	-
-	germanofiili	-	noun	5	-	front|back	-	-	-
-	germanomaani	-	noun	5	-	-	-	-	-
-	germanomania	-	noun	12	-	-	-	-	-
-	gestaatio	-	noun	3	-	-	-	-	-
-	gestiikka	-	noun	9	kk:k	-	-	-	-
-	gingivektomia	-	noun	12	-	-	-	-	-
-	girantti	-	noun	5	tt:t	-	-	-	-
-	girataari	-	noun	5	-	-	-	-	-
-	glokalisaatio	-	noun	3	-	-	-	-	-
-	glomeruliitti	-	noun	5	tt:t	-	-	-	-
-	glossaari	-	noun	5	-	-	-	-	-
-	glossofaryngeusneuralgia	-	noun	12	-	-	-	-	-
-	glossoptoosi	-	noun	5	-	-	-	-	-
-	glykohemoglobiini	-	noun	5	-	-	-	-	-
-	gnomologia	-	noun	12	-	-	-	-	-
-	golfaaminen	-	noun	38	-	-	-	-	-
-	grammatologia	-	noun	12	-	-	-	-	-
-	grandioottisuus	-	noun	40	-	-	-	-	-
-	gratifikaatio	-	noun	3	-	-	-	-	-
-	grekomaani	-	noun	5	-	-	-	-	-
-	gresisti	-	noun	5	-	-	-	-	-
-	gustaatio	-	noun	3	-	-	-	-	-
-	gyraatio	-	noun	3	-	-	-	-	-
-	habitaatio	-	noun	3	-	-	-	-	-
-	hadefobia	-	noun	12	-	-	-	-	-
-	hallusinoosi	-	noun	5	-	-	-	-	-
-	hambergiitti	-	noun	5	tt:t	-	-	-	-
-	haplofaasi	-	noun	5	-	-	-	-	-
-	haplologia	-	noun	12	-	-	-	-	-
-	haptometri	-	noun	5	-	-	-	-	-
-	harmonisaatio	-	noun	3	-	-	-	-	-
-	harvalyöntisyys	-	noun	40	-	-	-	-	-
-	haukattava	-	adjective	10	-	-	-	-	-
-	hebraismi	-	noun	5	-	-	-	-	-
-	hebraisti	-	noun	5	-	-	-	-	-
-	heliolatria	-	noun	12	-	-	-	-	-
-	helioskooppi	-	noun	5	pp:p	-	-	-	-
-	heliotaksia	-	noun	12	-	-	-	-	-
-	hemartroosi	-	noun	5	-	-	-	-	-
-	hematogeneesi	-	noun	5	-	front|back	-	-	-
-	hematopoeesi	-	noun	5	-	-	-	-	-
-	hematosyytti	-	noun	5	-	front|back	-	-	-
-	hemerafonia	-	noun	12	-	-	-	-	-
-	hemerofiili	-	noun	5	-	front|back	-	-	-
-	hemerofobi	-	noun	5	-	-	-	-	-
-	hemodiluutio	-	noun	3	-	-	-	-	-
-	hemodynamiikka	-	noun	9	kk:k	-	-	-	-
-	hemofobia	-	noun	12	-	-	-	-	-
-	hemoglobinopatia	-	noun	12	-	-	-	-	-
-	hemokonsentraatio	-	noun	3	-	-	-	-	-
-	hemopatia	-	noun	12	-	-	-	-	-
-	hemostaasi	-	noun	5	-	-	-	-	-
-	hepatopatia	-	noun	12	-	-	-	-	-
-	herbologia	-	noun	12	-	-	-	-	-
-	herediteetti	-	noun	5	tt:t	-	-	-	-
-	herniaatio	-	noun	3	-	-	-	-	-
-	hernioituminen	-	noun	38	-	-	-	-	-
-	heteroforia	-	noun	12	-	-	-	-	-
-	heterolalia	-	noun	12	-	-	-	-	-
-	heteromorfia	-	noun	12	-	-	-	-	-
-	heteromorfismi	-	noun	5	-	-	-	-	-
-	heterosfääri	-	noun	5	-	-	-	-	-
-	hierologia	-	noun	12	-	-	-	-	-
-	hippiatriikka	-	noun	9	kk:k	-	-	-	-
-	hippologia	-	noun	12	-	-	-	-	-
-	hippomaani	-	noun	5	-	-	-	-	-
-	hippomania	-	noun	12	-	-	-	-	-
-	hispanismi	-	noun	5	-	-	-	-	-
-	hispanisti	-	noun	5	-	-	-	-	-
-	hispanologia	-	noun	12	-	-	-	-	-
-	histokompatibiliteetti	-	noun	5	tt:t	-	-	-	-
-	histoplasmoosi	-	noun	5	-	-	-	-	-
-	historiografi	-	noun	5	-	-	-	-	-
-	hodegetiikka	-	noun	9	kk:k	-	-	-	-
-	holofraasi	-	noun	5	-	-	-	-	-
-	homeostaatti	-	noun	5	tt:t	-	-	-	-
-	homogeniteetti	-	noun	5	tt:t	-	-	-	-
-	homosfääri	-	noun	5	-	-	-	-	-
-	honoraari	-	noun	5	-	-	-	-	-
-	hospitalisaatio	-	noun	3	-	-	-	-	-
-	hostiliteetti	-	noun	5	tt:t	-	-	-	-
-	huimapää	-	adjective	18	-	-	-	-	-
-	humiliaatio	-	noun	3	-	-	-	-	-
-	hyaliitti	-	noun	5	tt:t	-	-	-	-
-	hydroksilysiini	-	noun	5	-	-	-	-	-
-	hydroskooppi	-	noun	5	pp:p	-	-	-	-
-	hydrostaatti	-	noun	5	tt:t	-	-	-	-
-	hygieenisuus	-	noun	40	-	-	-	-	-
-	hygrologia	-	noun	12	-	-	-	-	-
-	hypalgia	-	noun	12	-	-	-	-	-
-	hyperandrogenismi	-	noun	5	-	-	-	-	-
-	hyperestesia	-	noun	12	-	-	-	-	-
-	hyperkinesia	-	noun	12	-	-	-	-	-
-	hypnalgia	-	noun	12	-	-	-	-	-
-	hypnologia	-	noun	12	-	-	-	-	-
-	hypoaktiivisuus	-	noun	40	-	-	-	-	-
-	hypokorismi	-	noun	5	-	-	-	-	-
-	hypokriitti	-	noun	5	tt:t	-	-	-	-
-	hypopituitarismi	-	noun	5	-	-	-	-	-
-	hyposensibilointi	-	noun	5	nt:nn	-	-	-	-
-	hypsografia	-	noun	12	-	-	-	-	-
-	hypsometria	-	noun	12	-	-	-	-	-
-	hysterosalpingosonografia	-	noun	12	-	-	-	-	-
-	ideaatio	-	noun	3	-	-	-	-	-
-	idealiteetti	-	noun	5	tt:t	-	-	-	-
-	ideografia	-	noun	12	-	-	-	-	-
-	iktyofagi	-	noun	5	-	-	-	-	-
-	ileostooma	-	noun	10	-	-	-	-	-
-	illitteraatti	-	noun	5	tt:t	-	-	-	-
-	illuminaatio	-	noun	3	-	-	-	-	-
-	illuminaattori	-	noun	6	-	-	-	-	-
-	imaginaatio	-	noun	3	-	-	-	-	-
-	imeltäminen	-	noun	38	-	-	-	-	-
-	imeväisyyskuolleisuus	-	noun	40	-	-	-	-	-
-	immanenssi	-	noun	5	-	-	-	-	-
-	immaterialisaatio	-	noun	3	-	-	-	-	-
-	immaterialismi	-	noun	5	-	-	-	-	-
-	immaterialisti	-	noun	5	-	-	-	-	-
-	immaturiteetti	-	noun	5	tt:t	-	-	-	-
-	immensiteetti	-	noun	5	tt:t	-	-	-	-
-	immobiliteetti	-	noun	5	tt:t	-	-	-	-
-	immoralismi	-	noun	5	-	-	-	-	-
-	immoraliteetti	-	noun	5	tt:t	-	-	-	-
-	immortaalisuus	-	noun	40	-	-	-	-	-
-	immunisoituminen	-	noun	38	-	-	-	-	-
-	immunogeenisuus	-	noun	40	-	-	-	-	-
-	immunostimulantti	-	noun	5	tt:t	-	-	-	-
-	immunosuppressantti	-	noun	5	tt:t	-	-	-	-
-	impersonaatio	-	noun	3	-	-	-	-	-
-	impertinenssi	-	noun	5	-	-	-	-	-
-	improvisaattori	-	noun	6	-	-	-	-	-
-	impudenssi	-	noun	5	-	-	-	-	-
-	inaktivaatio	-	noun	3	-	-	-	-	-
-	inartikulaatio	-	noun	3	-	-	-	-	-
-	indeterministi	-	noun	5	-	-	-	-	-
-	indifferentismi	-	noun	5	-	-	-	-	-
-	indigenaatti	-	noun	5	tt:t	-	-	-	-
-	indignaatio	-	noun	3	-	-	-	-	-
-	indispositio	-	noun	3	-	-	-	-	-
-	individuaalisuus	-	noun	40	-	-	-	-	-
-	individuaalius	-	noun	40	-	-	-	-	-
-	individualiteetti	-	noun	5	tt:t	-	-	-	-
-	indoeurooppalainen	-	noun	38	-	-	-	-	-
-	indogermanistiikka	-	noun	9	kk:k	-	-	-	-
-	indolenssi	-	noun	5	-	-	-	-	-
-	indolentti	-	noun	5	tt:t	-	-	-	-
-	infanteristi	-	noun	5	-	-	-	-	-
-	infektoitunut	-	adjective	47	-	-	-	-	-
-	inferenssi	-	noun	5	-	-	-	-	-
-	inferioriteetti	-	noun	5	tt:t	-	-	-	-
-	infiniteetti	-	noun	5	tt:t	-	-	-	-
-	ingredienssi	-	noun	5	-	-	-	-	-
-	inherenssi	-	noun	5	-	-	-	-	-
-	initiatiivi	-	noun	5	-	-	-	-	-
-	inkisio	-	noun	3	-	-	-	-	-
-	inkoherenssi	-	noun	5	-	-	-	-	-
-	inkompatibiliteetti	-	noun	5	tt:t	-	-	-	-
-	inkonsekvenssi	-	noun	5	-	-	-	-	-
-	inkonsistenssi	-	noun	5	-	-	-	-	-
-	inkoordinaatio	-	noun	3	-	-	-	-	-
-	inkorporaatio	-	noun	3	-	-	-	-	-
-	inkretiini	-	noun	5	-	-	-	-	-
-	inkriminaatio	-	noun	3	-	-	-	-	-
-	insidentalooma	-	noun	10	-	-	-	-	-
-	insinuaatio	-	noun	3	-	-	-	-	-
-	instrumentiikka	-	noun	9	kk:k	-	-	-	-
-	insulaatio	-	noun	3	-	-	-	-	-
-	insulaattori	-	noun	6	-	-	-	-	-
-	insulooma	-	noun	10	-	-	-	-	-
-	intrigantti	-	noun	5	tt:t	-	-	-	-
-	invaginaatio	-	noun	3	-	-	-	-	-
-	investigaatio	-	noun	3	-	-	-	-	-
-	invitaatio	-	noun	3	-	-	-	-	-
-	irradiaatio	-	noun	3	-	-	-	-	-
-	irrationalisti	-	noun	5	-	-	-	-	-
-	irregulaarisuus	-	noun	40	-	-	-	-	-
-	irregulariteetti	-	noun	5	tt:t	-	-	-	-
-	irreligiositeetti	-	noun	5	tt:t	-	-	-	-
-	irrigaatio	-	noun	3	-	-	-	-	-
-	irritaatio	-	noun	3	-	-	-	-	-
-	irritabiliteetti	-	noun	5	tt:t	-	-	-	-
-	irritamentti	-	noun	5	tt:t	-	-	-	-
-	islamistiikka	-	noun	9	kk:k	-	-	-	-
-	isolationisti	-	noun	5	-	-	-	-	-
-	isolysiini	-	noun	5	-	-	-	-	-
-	istmusablaatio	-	noun	3	-	-	-	-	-
-	jaettava	-	adjective	10	-	-	-	-	-
-	jaksottaminen	-	noun	38	-	-	-	-	-
-	japanologi	-	noun	5	-	-	-	-	-
-	japanologia	-	noun	12	-	-	-	-	-
-	jejunostooma	-	noun	10	-	-	-	-	-
-	jesuiittamaisuus	-	noun	40	-	-	-	-	-
-	joviaalisuus	-	noun	40	-	-	-	-	-
-	jubilaari	-	noun	5	-	-	-	-	-
-	jukstapositio	-	noun	3	-	-	-	-	-
-	juutalaiskristitty	-	adjective	1	tt:t	-	-	-	-
-	kaikuenkefalografia	-	noun	12	-	-	-	-	-
-	kainaloevakuaatio	-	noun	3	-	-	-	-	-
-	kalkioiminen	-	noun	38	-	-	-	-	-
-	kallikreiini	-	noun	5	-	-	-	-	-
-	kalorimetria	-	noun	12	-	-	-	-	-
-	kalsifikaatio	-	noun	3	-	-	-	-	-
-	kanylointi	-	noun	5	nt:nn	-	-	-	-
-	kapillariteetti	-	noun	5	tt:t	-	-	-	-
-	kapnofiili	-	noun	5	-	front|back	-	-	-
-	kaptopriilirenografia	-	noun	12	-	-	-	-	-
-	karakterologia	-	noun	12	-	-	-	-	-
-	kardiogrammi	-	noun	5	-	-	-	-	-
-	kardiolipiini	-	noun	5	-	-	-	-	-
-	karniotomia	-	noun	12	-	-	-	-	-
-	karotiini	-	noun	5	-	-	-	-	-
-	karpaalitunnelisyndrooma	-	noun	10	-	-	-	-	-
-	karrikatyristi	-	noun	5	-	-	-	-	-
-	karsinogeneesi	-	noun	5	-	front|back	-	-	-
-	karsinologia	-	noun	12	-	-	-	-	-
-	karsinostaatti	-	noun	5	tt:t	-	-	-	-
-	kasualismi	-	noun	5	-	-	-	-	-
-	kasualisti	-	noun	5	-	-	-	-	-
-	katabolinen	-	adjective	38	-	-	-	-	-
-	katabolismi	-	noun	5	-	-	-	-	-
-	kataleksia	-	noun	12	-	-	-	-	-
-	katastrofointi	-	noun	5	nt:nn	-	-	-	-
-	katetritrombolyysi	-	noun	5	-	front|back	-	-	-
-	kausalgia	-	noun	12	-	-	-	-	-
-	kavernooma	-	noun	10	-	-	-	-	-
-	kaviteetti	-	noun	5	tt:t	-	-	-	-
-	keltismi	-	noun	5	-	-	-	-	-
-	keltologi	-	noun	5	-	-	-	-	-
-	keltologia	-	noun	12	-	-	-	-	-
-	keltomania	-	noun	12	-	-	-	-	-
-	kemokinesia	-	noun	12	-	-	-	-	-
-	kemoosi	-	noun	5	-	-	-	-	-
-	kemosfääri	-	noun	5	-	-	-	-	-
-	keplottelija	-	noun	12	-	-	-	-	-
-	keratometria	-	noun	12	-	-	-	-	-
-	keritsijä	-	noun	12	-	-	-	-	-
-	keruloplasmiini	-	noun	5	-	-	-	-	-
-	keskittyminen	-	noun	38	-	-	-	-	-
-	kiharapää	-	adjective	18	-	-	-	-	-
-	kinemateekki	-	noun	5	kk:k	-	-	-	-
-	kinematografia	-	noun	12	-	-	-	-	-
-	kinestesia	-	noun	12	-	-	-	-	-
-	kirografi	-	noun	5	-	-	-	-	-
-	kirologia	-	noun	12	-	-	-	-	-
-	kiromantti	-	noun	5	tt:t	-	-	-	-
-	klarifikaatio	-	noun	3	-	-	-	-	-
-	klassisisti	-	noun	5	-	-	-	-	-
-	klaustrofilia	-	noun	12	-	-	-	-	-
-	kleptofobia	-	noun	12	-	-	-	-	-
-	klerikaali	-	noun	5	-	-	-	-	-
-	klinometri	-	noun	5	-	-	-	-	-
-	klismafilia	-	noun	12	-	-	-	-	-
-	klorpromatsiini	-	noun	5	-	-	-	-	-
-	koeksistenssi	-	noun	5	-	-	-	-	-
-	kohabitaatio	-	noun	3	-	-	-	-	-
-	kohortointi	-	noun	5	nt:nn	-	-	-	-
-	koinsidenssi	-	noun	5	-	-	-	-	-
-	kokleofiksaatio	-	noun	3	-	-	-	-	-
-	koksalgia	-	noun	12	-	-	-	-	-
-	kolekystektomia	-	noun	12	-	-	-	-	-
-	kolisiini	-	noun	5	-	-	-	-	-
-	kollisio	-	noun	3	-	-	-	-	-
-	koloraatio	-	noun	3	-	-	-	-	-
-	kommemoraatio	-	noun	3	-	-	-	-	-
-	kommentaatio	-	noun	3	-	-	-	-	-
-	kommersialismi	-	noun	5	-	-	-	-	-
-	komparabiliteetti	-	noun	5	tt:t	-	-	-	-
-	komparatisti	-	noun	5	-	-	-	-	-
-	kompetitio	-	noun	3	-	-	-	-	-
-	komplimentti	-	noun	5	tt:t	-	-	-	-
-	komponisti	-	noun	5	-	-	-	-	-
-	kondrodermatiitti	-	noun	5	tt:t	-	-	-	-
-	kondroitiini	-	noun	5	-	-	-	-	-
-	konfessionalismi	-	noun	5	-	-	-	-	-
-	konfidenssi	-	noun	5	-	-	-	-	-
-	konformisti	-	noun	5	-	-	-	-	-
-	konformiteetti	-	noun	5	tt:t	-	-	-	-
-	konfrontaatio	-	noun	3	-	-	-	-	-
-	konkurrentti	-	noun	5	tt:t	-	-	-	-
-	konsangviniteetti	-	noun	5	tt:t	-	-	-	-
-	konsekvenssi	-	noun	5	-	-	-	-	-
-	konservaatio	-	noun	3	-	-	-	-	-
-	konsideraatio	-	noun	3	-	-	-	-	-
-	konspiraattori	-	noun	6	-	-	-	-	-
-	konstellaatio	-	noun	3	-	-	-	-	-
-	konsumentti	-	noun	5	tt:t	-	-	-	-
-	kontinuaatio	-	noun	3	-	-	-	-	-
-	kontinuiteetti	-	noun	5	tt:t	-	-	-	-
-	kontrapropositio	-	noun	3	-	-	-	-	-
-	kontrapulsaattori	-	noun	6	-	-	-	-	-
-	kontrarevoluutio	-	noun	3	-	-	-	-	-
-	kontraseptiivi	-	noun	5	-	-	-	-	-
-	konventionalisti	-	noun	5	-	-	-	-	-
-	konversaatio	-	noun	3	-	-	-	-	-
-	konversantti	-	noun	5	tt:t	-	-	-	-
-	koprostaasi	-	noun	5	-	-	-	-	-
-	kordooma	-	noun	10	-	-	-	-	-
-	koreologia	-	noun	12	-	-	-	-	-
-	korioamniitti	-	noun	5	tt:t	-	-	-	-
-	kormofyytti	-	noun	5	tt:t	-	-	-	-
-	koronaatio	-	noun	3	-	-	-	-	-
-	korpulenssi	-	noun	5	-	-	-	-	-
-	korrespondentti	-	noun	5	tt:t	-	-	-	-
-	kosmobiologia	-	noun	12	-	-	-	-	-
-	kostalgia	-	noun	12	-	-	-	-	-
-	kreaatio	-	noun	3	-	-	-	-	-
-	krediittori	-	noun	6	-	-	-	-	-
-	krepitaatio	-	noun	3	-	-	-	-	-
-	kretliini	-	noun	5	-	-	-	-	-
-	kretuliini	-	noun	5	-	-	-	-	-
-	kriminaliteetti	-	noun	5	tt:t	-	-	-	-
-	kristallisaatio	-	noun	3	-	-	-	-	-
-	kristallointi	-	noun	5	nt:nn	-	-	-	-
-	kromatofobia	-	noun	12	-	-	-	-	-
-	kromestesia	-	noun	12	-	-	-	-	-
-	kromofotografia	-	noun	12	-	-	-	-	-
-	kromosyytti	-	noun	5	-	front|back	-	-	-
-	kryestesia	-	noun	12	-	-	-	-	-
-	kryptanalyysi	-	noun	5	-	front|back	-	-	-
-	ksylografi	-	noun	5	-	-	-	-	-
-	kuluttajistuminen	-	noun	38	-	-	-	-	-
-	kuohija	-	noun	12	-	-	-	-	-
-	kusipää	-	adjective	18	-	-	-	-	-
-	kuukasvoisuus	-	noun	40	-	-	-	-	-
-	kvintaali	-	noun	5	-	-	-	-	-
-	kyfoskolioosi	-	noun	5	-	-	-	-	-
-	kylmäagglutiniini	-	noun	5	-	-	-	-	-
-	kystadenokarsinooma	-	noun	10	-	-	-	-	-
-	kystektomia	-	noun	12	-	-	-	-	-
-	kystostooma	-	noun	10	-	-	-	-	-
-	kystotomia	-	noun	12	-	-	-	-	-
-	labiliteetti	-	noun	5	tt:t	-	-	-	-
-	labiologia	-	noun	12	-	-	-	-	-
-	laboraatio	-	noun	3	-	-	-	-	-
-	laitostuminen	-	noun	38	-	-	-	-	-
-	lakonismi	-	noun	5	-	-	-	-	-
-	lalopatia	-	noun	12	-	-	-	-	-
-	laryngektomia	-	noun	12	-	-	-	-	-
-	laryngologia	-	noun	12	-	-	-	-	-
-	latriini	-	noun	5	-	-	-	-	-
-	lavoaari	-	noun	5	-	-	-	-	-
-	leftismi	-	noun	5	-	-	-	-	-
-	legalisti	-	noun	5	-	-	-	-	-
-	legaliteetti	-	noun	5	tt:t	-	-	-	-
-	legislaatio	-	noun	3	-	-	-	-	-
-	lekaasi	-	noun	5	-	-	-	-	-
-	lemmatisointi	-	noun	5	nt:nn	-	-	-	-
-	lenssi	-	noun	5	-	-	-	-	-
-	letaaligeeni	-	noun	5	-	front|back	-	-	-
-	leukomaiini	-	noun	5	-	-	-	-	-
-	liberaatio	-	noun	3	-	-	-	-	-
-	liberaliteetti	-	noun	5	tt:t	-	-	-	-
-	likvidaatio	-	noun	3	-	-	-	-	-
-	limitaatio	-	noun	3	-	-	-	-	-
-	lineaari	-	noun	5	-	-	-	-	-
-	lingvaali	-	noun	5	-	-	-	-	-
-	lipofuskiini	-	noun	5	-	-	-	-	-
-	litolatria	-	noun	12	-	-	-	-	-
-	litologia	-	noun	12	-	-	-	-	-
-	lobbyismi	-	noun	5	-	-	-	-	-
-	lobbyisti	-	noun	5	-	-	-	-	-
-	logismi	-	noun	5	-	-	-	-	-
-	logopatia	-	noun	12	-	-	-	-	-
-	lokaatio	-	noun	3	-	-	-	-	-
-	lokalisoija	-	noun	10	-	-	-	-	-
-	losangelesilainen	-	noun	38	-	-	-	-	-
-	lubrikaatio	-	noun	3	-	-	-	-	-
-	lubrikantti	-	noun	5	tt:t	-	-	-	-
-	luonnevikaisuus	-	noun	40	-	-	-	-	-
-	lusitanialainen	-	noun	38	-	-	-	-	-
-	luteiini	-	noun	5	-	-	-	-	-
-	lähentelijä	-	noun	12	-	-	-	-	-
-	lähteistö	-	noun	2	-	-	-	-	-
-	läikkyminen	-	noun	38	-	-	-	-	-
-	läppäplastia	-	noun	12	-	-	-	-	-
-	magalogi	-	noun	5	-	-	-	-	-
-	magneettienkefalografia	-	noun	12	-	-	-	-	-
-	magneettipelvimetria	-	noun	12	-	-	-	-	-
-	malokkluusio	-	noun	3	-	-	-	-	-
-	mandriini	-	noun	5	-	-	-	-	-
-	manieristi	-	noun	5	-	-	-	-	-
-	mariini	-	noun	5	-	-	-	-	-
-	maskaaminen	-	noun	38	-	-	-	-	-
-	materniteetti	-	noun	5	tt:t	-	-	-	-
-	matrikulaatio	-	noun	3	-	-	-	-	-
-	maturaatio	-	noun	3	-	-	-	-	-
-	medikamentti	-	noun	5	tt:t	-	-	-	-
-	mediokriteetti	-	noun	5	tt:t	-	-	-	-
-	medulloblastooma	-	noun	10	-	-	-	-	-
-	meikkis	-	noun	39	-	-	-	-	-
-	mekanisti	-	noun	5	-	-	-	-	-
-	meliorismi	-	noun	5	-	-	-	-	-
-	melioristi	-	noun	5	-	-	-	-	-
-	melomaani	-	noun	5	-	-	-	-	-
-	memoaari	-	noun	5	-	-	-	-	-
-	meningitofobia	-	noun	12	-	-	-	-	-
-	merismi	-	noun	5	-	-	-	-	-
-	metalloproteaasi	-	noun	5	-	-	-	-	-
-	metatarsaali	-	noun	5	-	-	-	-	-
-	meteorofobia	-	noun	12	-	-	-	-	-
-	metronyymi	-	noun	5	-	front|back	-	-	-
-	mikrobistaattinen	-	adjective	38	-	-	-	-	-
-	mikrofagi	-	noun	5	-	-	-	-	-
-	mikrofonia	-	noun	12	-	-	-	-	-
-	miksoskopia	-	noun	12	-	-	-	-	-
-	militaaristuminen	-	noun	38	-	-	-	-	-
-	milleniaali	-	noun	5	-	-	-	-	-
-	millennialisti	-	noun	5	-	-	-	-	-
-	mineraalistuminen	-	noun	38	-	-	-	-	-
-	misologia	-	noun	12	-	-	-	-	-
-	misoneismi	-	noun	5	-	-	-	-	-
-	mnemoniikka	-	noun	9	kk:k	-	-	-	-
-	mnemotekniikka	-	noun	9	kk:k	-	-	-	-
-	moderaatio	-	noun	3	-	-	-	-	-
-	moderationismi	-	noun	5	-	-	-	-	-
-	monokromia	-	noun	12	-	-	-	-	-
-	mononyymi	-	noun	5	-	front|back	-	-	-
-	monopolisti	-	noun	5	-	-	-	-	-
-	mopedisti	-	noun	5	-	-	-	-	-
-	morfologi	-	noun	5	-	-	-	-	-
-	mortifikaatio	-	noun	3	-	-	-	-	-
-	multiplikaatio	-	noun	3	-	-	-	-	-
-	multisensorisuus	-	noun	40	-	-	-	-	-
-	munapoikivuus	-	noun	40	-	-	-	-	-
-	murtautuminen	-	noun	38	-	-	-	-	-
-	musikologi	-	noun	5	-	-	-	-	-
-	mutabiliteetti	-	noun	5	tt:t	-	-	-	-
-	myelopatia	-	noun	12	-	-	-	-	-
-	myestesia	-	noun	12	-	-	-	-	-
-	myksooma	-	noun	10	-	-	-	-	-
-	myosarkooma	-	noun	10	-	-	-	-	-
-	myotonia	-	noun	12	-	-	-	-	-
-	mysofilia	-	noun	12	-	-	-	-	-
-	narkoanalyysi	-	noun	5	-	front|back	-	-	-
-	narkologi	-	noun	5	-	-	-	-	-
-	nasalisaatio	-	noun	3	-	-	-	-	-
-	nasoskopia	-	noun	12	-	-	-	-	-
-	nativisti	-	noun	5	-	-	-	-	-
-	nativiteetti	-	noun	5	tt:t	-	-	-	-
-	natriureesi	-	noun	5	-	-	-	-	-
-	naturalisaatio	-	noun	3	-	-	-	-	-
-	naturopatia	-	noun	12	-	-	-	-	-
-	nefroskopia	-	noun	12	-	-	-	-	-
-	negativismi	-	noun	5	-	-	-	-	-
-	nekatoriaasi	-	noun	5	-	-	-	-	-
-	nekrofagia	-	noun	12	-	-	-	-	-
-	nekromania	-	noun	12	-	-	-	-	-
-	neofilia	-	noun	12	-	-	-	-	-
-	neohesperidiini	-	noun	5	-	-	-	-	-
-	neolalia	-	noun	12	-	-	-	-	-
-	neologi	-	noun	5	-	-	-	-	-
-	nervositeetti	-	noun	5	tt:t	-	-	-	-
-	neurodivergentti	-	noun	5	tt:t	-	-	-	-
-	neurofibrooma	-	noun	10	-	-	-	-	-
-	neurotensiini	-	noun	5	-	-	-	-	-
-	neurotmeesi	-	noun	5	-	-	-	-	-
-	nietzscheläinen	-	noun	38	-	-	-	-	-
-	nigerilainen	-	noun	38	-	-	-	-	-
-	niskurointi	-	noun	5	nt:nn	-	-	-	-
-	nitrofyytti	-	noun	5	tt:t	-	-	-	-
-	nivaali	-	noun	5	-	-	-	-	-
-	nominaatio	-	noun	3	-	-	-	-	-
-	nominalisti	-	noun	5	-	-	-	-	-
-	nomologia	-	noun	12	-	-	-	-	-
-	nonkonformisti	-	noun	5	-	-	-	-	-
-	nonsenssi	-	noun	5	-	-	-	-	-
-	nosiseptori	-	noun	6	-	-	-	-	-
-	nosomania	-	noun	12	-	-	-	-	-
-	nuditeetti	-	noun	5	tt:t	-	-	-	-
-	nukleiini	-	noun	5	-	-	-	-	-
-	nullifikaatio	-	noun	3	-	-	-	-	-
-	nuoremmuus	-	noun	40	-	-	-	-	-
-	nurisija	-	noun	12	-	-	-	-	-
-	nyktofonia	-	noun	12	-	-	-	-	-
-	näpertelijä	-	noun	12	-	-	-	-	-
-	obedienssi	-	noun	5	-	-	-	-	-
-	obituaari	-	noun	5	-	-	-	-	-
-	oblikviteetti	-	noun	5	tt:t	-	-	-	-
-	obliteraatio	-	noun	3	-	-	-	-	-
-	oblitteraatio	-	noun	3	-	-	-	-	-
-	oblomovilaisuus	-	noun	40	-	-	-	-	-
-	observaatio	-	noun	3	-	-	-	-	-
-	obskurantismi	-	noun	5	-	-	-	-	-
-	obturaatio	-	noun	3	-	-	-	-	-
-	odynofobia	-	noun	12	-	-	-	-	-
-	ofiotoksiini	-	noun	5	-	-	-	-	-
-	oftalmologi	-	noun	5	-	-	-	-	-
-	oftalmotonometria	-	noun	12	-	-	-	-	-
-	okkasionalisti	-	noun	5	-	-	-	-	-
-	okkipitaalineuralgia	-	noun	12	-	-	-	-	-
-	okkultaatio	-	noun	3	-	-	-	-	-
-	okkupaatio	-	noun	3	-	-	-	-	-
-	oksidaasi	-	noun	5	-	-	-	-	-
-	oligoartriitti	-	noun	5	tt:t	-	-	-	-
-	oligodontia	-	noun	12	-	-	-	-	-
-	oligotrofi	-	noun	5	-	-	-	-	-
-	olisteesi	-	noun	5	-	-	-	-	-
-	olympolainen	-	noun	38	-	-	-	-	-
-	omainen	-	adjective	38	-	-	-	-	-
-	omentti	-	noun	5	tt:t	-	-	-	-
-	ominoosi	-	noun	5	-	-	-	-	-
-	ommatofobia	-	noun	12	-	-	-	-	-
-	omofagia	-	noun	12	-	-	-	-	-
-	onomatofobia	-	noun	12	-	-	-	-	-
-	onomatologia	-	noun	12	-	-	-	-	-
-	onomatomania	-	noun	12	-	-	-	-	-
-	ooforektomia	-	noun	12	-	-	-	-	-
-	opalisointi	-	noun	5	nt:nn	-	-	-	-
-	opiofobia	-	noun	12	-	-	-	-	-
-	opportuniteetti	-	noun	5	tt:t	-	-	-	-
-	opsoniini	-	noun	5	-	-	-	-	-
-	oraatio	-	noun	3	-	-	-	-	-
-	orfenadriinisitraatti	-	noun	5	tt:t	-	-	-	-
-	orkidektomia	-	noun	12	-	-	-	-	-
-	ornitofobia	-	noun	12	-	-	-	-	-
-	ortodoksismi	-	noun	5	-	-	-	-	-
-	ortostasia	-	noun	12	-	-	-	-	-
-	ortostatismi	-	noun	5	-	-	-	-	-
-	oseanografi	-	noun	5	-	-	-	-	-
-	osfresiofilia	-	noun	12	-	-	-	-	-
-	osfresiofobia	-	noun	12	-	-	-	-	-
-	osmofobia	-	noun	12	-	-	-	-	-
-	osseiini	-	noun	5	-	-	-	-	-
-	osteofyytti	-	noun	5	tt:t	-	-	-	-
-	osteotomia	-	noun	12	-	-	-	-	-
-	otiatria	-	noun	12	-	-	-	-	-
-	ovariektomia	-	noun	12	-	-	-	-	-
-	palifrasia	-	noun	12	-	-	-	-	-
-	paligrafia	-	noun	12	-	-	-	-	-
-	palileksia	-	noun	12	-	-	-	-	-
-	palilogia	-	noun	12	-	-	-	-	-
-	palinleksia	-	noun	12	-	-	-	-	-
-	palliaatio	-	noun	3	-	-	-	-	-
-	pallovalvotomia	-	noun	12	-	-	-	-	-
-	panamerkanismi	-	noun	5	-	-	-	-	-
-	pankreaatti	-	noun	5	tt:t	-	-	-	-
-	pannikuliitti	-	noun	5	tt:t	-	-	-	-
-	panproktokolektomia	-	noun	12	-	-	-	-	-
-	panromanttisuus	-	noun	40	-	-	-	-	-
-	pantomimiikka	-	noun	9	kk:k	-	-	-	-
-	parafasia	-	noun	12	-	-	-	-	-
-	parafrasia	-	noun	12	-	-	-	-	-
-	paragnosia	-	noun	12	-	-	-	-	-
-	parakinesia	-	noun	12	-	-	-	-	-
-	parakinestesia	-	noun	12	-	-	-	-	-
-	paraleksia	-	noun	12	-	-	-	-	-
-	paralogia	-	noun	12	-	-	-	-	-
-	parapraksia	-	noun	12	-	-	-	-	-
-	parateresiomania	-	noun	12	-	-	-	-	-
-	paratonia	-	noun	12	-	-	-	-	-
-	paratymia	-	noun	12	-	-	-	-	-
-	paristi	-	noun	5	-	-	-	-	-
-	parkaasi	-	noun	5	-	-	-	-	-
-	parodontoosi	-	noun	5	-	-	-	-	-
-	pasifikaatio	-	noun	3	-	-	-	-	-
-	patofreneesi	-	noun	5	-	-	-	-	-
-	patogeenisuus	-	noun	40	-	-	-	-	-
-	patogeenisyys	-	noun	40	-	-	-	-	-
-	patroiofobia	-	noun	12	-	-	-	-	-
-	pentti	-	noun	5	tt:t	-	-	-	-
-	peotillomania	-	noun	12	-	-	-	-	-
-	perikardiektomia	-	noun	12	-	-	-	-	-
-	perisyytti	-	noun	5	-	front|back	-	-	-
-	peritonismi	-	noun	5	-	-	-	-	-
-	perkutaaninen	-	adjective	38	-	-	-	-	-
-	permanenssi	-	noun	5	-	-	-	-	-
-	peronisti	-	noun	5	-	-	-	-	-
-	personaali	-	noun	5	-	-	-	-	-
-	petrifikaatti	-	noun	5	tt:t	-	-	-	-
-	petrogrammi	-	noun	5	-	-	-	-	-
-	piktografi	-	noun	5	-	-	-	-	-
-	pilotsignaali	-	noun	5	-	-	-	-	-
-	pinealooma	-	noun	10	-	-	-	-	-
-	planetologi	-	noun	5	-	-	-	-	-
-	planomania	-	noun	12	-	-	-	-	-
-	pleomorfia	-	noun	12	-	-	-	-	-
-	plutolatria	-	noun	12	-	-	-	-	-
-	pneumektomia	-	noun	12	-	-	-	-	-
-	pollakiuria	-	noun	12	-	-	-	-	-
-	pollinaatio	-	noun	3	-	-	-	-	-
-	polluutio	-	noun	3	-	-	-	-	-
-	polykromia	-	noun	12	-	-	-	-	-
-	polyserosiitti	-	noun	5	tt:t	-	-	-	-
-	polysomnografia	-	noun	12	-	-	-	-	-
-	pornolagnia	-	noun	12	-	-	-	-	-
-	portlandinsementti	-	noun	5	tt:t	-	-	-	-
-	predispositio	-	noun	3	-	-	-	-	-
-	preformaatio	-	noun	3	-	-	-	-	-
-	prematuriteetti	-	noun	5	tt:t	-	-	-	-
-	premedikaatio	-	noun	3	-	-	-	-	-
-	prerafaeliitti	-	noun	5	tt:t	-	-	-	-
-	prerogatiivi	-	noun	5	-	-	-	-	-
-	presbyfonia	-	noun	12	-	-	-	-	-
-	presbyofrenia	-	noun	12	-	-	-	-	-
-	preseniiliys	-	noun	40	-	-	-	-	-
-	preservaatio	-	noun	3	-	-	-	-	-
-	presipitiini	-	noun	5	-	-	-	-	-
-	presisio	-	noun	3	-	-	-	-	-
-	pressostaatti	-	noun	5	tt:t	-	-	-	-
-	presuppositio	-	noun	3	-	-	-	-	-
-	pretendentti	-	noun	5	tt:t	-	-	-	-
-	preventiikka	-	noun	9	kk:k	-	-	-	-
-	preventiivi	-	noun	5	-	-	-	-	-
-	primitiiviys	-	noun	40	-	-	-	-	-
-	produktiivi	-	noun	5	-	-	-	-	-
-	produktiivius	-	noun	40	-	-	-	-	-
-	profiloija	-	noun	10	-	-	-	-	-
-	profuusio	-	noun	3	-	-	-	-	-
-	prohibitio	-	noun	3	-	-	-	-	-
-	prohibitionismi	-	noun	5	-	-	-	-	-
-	prohibitionisti	-	noun	5	-	-	-	-	-
-	prokalsitoniini	-	noun	5	-	-	-	-	-
-	prokkis	-	noun	39	-	-	-	-	-
-	proklamaatio	-	noun	3	-	-	-	-	-
-	proktoskopia	-	noun	12	-	-	-	-	-
-	prolongaatio	-	noun	3	-	-	-	-	-
-	properdiini	-	noun	5	-	-	-	-	-
-	proprioreseptori	-	noun	6	-	-	-	-	-
-	protamiini	-	noun	5	-	-	-	-	-
-	proteoglykaanisynteesi	-	noun	5	-	front	-	-	-
-	proteoosi	-	noun	5	-	-	-	-	-
-	protruusio	-	noun	3	-	-	-	-	-
-	psellismi	-	noun	5	-	-	-	-	-
-	pseudestesia	-	noun	12	-	-	-	-	-
-	pseudoandronyymi	-	noun	5	-	front|back	-	-	-
-	pseudogyneonyymi	-	noun	5	-	front|back	-	-	-
-	pseudonomania	-	noun	12	-	-	-	-	-
-	pseudonormalisaatio	-	noun	3	-	-	-	-	-
-	psykografi	-	noun	5	-	-	-	-	-
-	psykroalgia	-	noun	12	-	-	-	-	-
-	psykropofobia	-	noun	12	-	-	-	-	-
-	ptyaliini	-	noun	5	-	-	-	-	-
-	puerilismi	-	noun	5	-	-	-	-	-
-	puerperaalimastiitti	-	noun	5	tt:t	-	-	-	-
-	puhelinskatalogia	-	noun	12	-	-	-	-	-
-	purgatiivi	-	noun	5	-	-	-	-	-
-	purifikaatio	-	noun	3	-	-	-	-	-
-	puskisto	-	noun	2	-	-	-	-	-
-	pussiitti	-	noun	5	tt:t	-	-	-	-
-	pyelostomia	-	noun	12	-	-	-	-	-
-	pyelostooma	-	noun	10	-	-	-	-	-
-	pyknofrasia	-	noun	12	-	-	-	-	-
-	pyknoosi	-	noun	5	-	-	-	-	-
-	pyoosi	-	noun	5	-	-	-	-	-
-	pyretriini	-	noun	5	-	-	-	-	-
-	pyrolagnia	-	noun	12	-	-	-	-	-
-	rabdomyooma	-	noun	10	-	-	-	-	-
-	radiestesia	-	noun	12	-	-	-	-	-
-	radiografi	-	noun	5	-	-	-	-	-
-	radiometria	-	noun	12	-	-	-	-	-
-	reagiini	-	noun	5	-	-	-	-	-
-	reaktivaatio	-	noun	3	-	-	-	-	-
-	reaktogeenisuus	-	noun	40	-	-	-	-	-
-	redistribuutio	-	noun	3	-	-	-	-	-
-	reflektori	-	noun	6	-	-	-	-	-
-	refrigeraatio	-	noun	3	-	-	-	-	-
-	reggiolaisuus	-	noun	40	-	-	-	-	-
-	regulaarisuus	-	noun	40	-	-	-	-	-
-	rehevähkö	-	adjective	1	-	-	-	-	-
-	reintegraatio	-	noun	3	-	-	-	-	-
-	rekompensaatio	-	noun	3	-	-	-	-	-
-	rekonstituutio	-	noun	3	-	-	-	-	-
-	rekurrenssi	-	noun	5	-	-	-	-	-
-	relaksiini	-	noun	5	-	-	-	-	-
-	relatiivius	-	noun	40	-	-	-	-	-
-	relativisti	-	noun	5	-	-	-	-	-
-	relativiteetti	-	noun	5	tt:t	-	-	-	-
-	renovaatio	-	noun	3	-	-	-	-	-
-	reorganisaatio	-	noun	3	-	-	-	-	-
-	reseptiivisyys	-	noun	40	-	-	-	-	-
-	reseptiiviys	-	noun	40	-	-	-	-	-
-	reseptiviteetti	-	noun	5	tt:t	-	-	-	-
-	residivismi	-	noun	5	-	-	-	-	-
-	residivisti	-	noun	5	-	-	-	-	-
-	resiprositeetti	-	noun	5	tt:t	-	-	-	-
-	respondentti	-	noun	5	tt:t	-	-	-	-
-	restauroija	-	noun	10	-	-	-	-	-
-	resultaatti	-	noun	5	tt:t	-	-	-	-
-	retardaatio	-	noun	3	-	-	-	-	-
-	retraktori	-	noun	6	-	-	-	-	-
-	revaskularisaatio	-	noun	3	-	-	-	-	-
-	revolutionismi	-	noun	5	-	-	-	-	-
-	rigidiys	-	noun	40	-	-	-	-	-
-	rikkaahko	-	adjective	1	-	-	-	-	-
-	rimppakinttu	-	adjective	1	tt:t	-	-	-	-
-	ritsatriptaanibentsoaatti	-	noun	5	tt:t	-	-	-	-
-	ritsotomia	-	noun	12	-	-	-	-	-
-	rivaliteetti	-	noun	5	tt:t	-	-	-	-
-	rivohko	-	adjective	1	-	-	-	-	-
-	rohkeahko	-	adjective	1	-	-	-	-	-
-	romanismi	-	noun	5	-	-	-	-	-
-	rosuvastatiini	-	noun	5	-	-	-	-	-
-	rotablaatio	-	noun	3	-	-	-	-	-
-	rotigotiini	-	noun	5	-	-	-	-	-
-	rousseaulainen	-	noun	38	-	-	-	-	-
-	rousseaulaisuus	-	noun	40	-	-	-	-	-
-	rumahko	-	adjective	1	-	-	-	-	-
-	russelilaisuus	-	noun	40	-	-	-	-	-
-	russifikaatio	-	noun	3	-	-	-	-	-
-	russomaani	-	noun	5	-	-	-	-	-
-	rypofagia	-	noun	12	-	-	-	-	-
-	rypofobia	-	noun	12	-	-	-	-	-
-	räikeähkö	-	adjective	1	-	-	-	-	-
-	rämäpää	-	adjective	18	-	-	-	-	-
-	santarmisto	-	noun	2	-	-	-	-	-
-	scientologi	-	noun	5	-	-	-	-	-
-	sekluusio	-	noun	3	-	-	-	-	-
-	seksopatia	-	noun	12	-	-	-	-	-
-	selatiini	-	noun	5	-	-	-	-	-
-	selatiini	-	noun	5	-	-	-	-	-
-	selektori	-	noun	6	-	-	-	-	-
-	sensationalismi	-	noun	5	-	-	-	-	-
-	sensitiviteetti	-	noun	5	tt:t	-	-	-	-
-	senssi	-	noun	5	-	-	-	-	-
-	sensualiteetti	-	noun	5	tt:t	-	-	-	-
-	septaaliablaatio	-	noun	3	-	-	-	-	-
-	sesessionisti	-	noun	5	-	-	-	-	-
-	sidekudostuminen	-	noun	38	-	-	-	-	-
-	siderodromofobia	-	noun	12	-	-	-	-	-
-	siderologia	-	noun	12	-	-	-	-	-
-	silminnäkemätön	-	adjective	34	tt:t	-	-	-	-
-	simultagnosia	-	noun	12	-	-	-	-	-
-	singalilainen	-	noun	38	-	-	-	-	-
-	singulotomia	-	noun	12	-	-	-	-	-
-	sitomania	-	noun	12	-	-	-	-	-
-	skatofilia	-	noun	12	-	-	-	-	-
-	skematismi	-	noun	5	-	-	-	-	-
-	skitsotyymi	-	noun	5	-	front|back	-	-	-
-	sklerektomia	-	noun	12	-	-	-	-	-
-	sklerooma	-	noun	10	-	-	-	-	-
-	skopofilia	-	noun	12	-	-	-	-	-
-	skrutiini	-	noun	5	-	-	-	-	-
-	somatologia	-	noun	12	-	-	-	-	-
-	sonometri	-	noun	5	-	-	-	-	-
-	sonorisuus	-	noun	40	-	-	-	-	-
-	sosiologismi	-	noun	5	-	-	-	-	-
-	spermatofyytti	-	noun	5	tt:t	-	-	-	-
-	spermiogeneesi	-	noun	5	-	front|back	-	-	-
-	spesiaalisuus	-	noun	40	-	-	-	-	-
-	spesiaalius	-	noun	40	-	-	-	-	-
-	spirituaali	-	noun	5	-	-	-	-	-
-	spondylartropatia	-	noun	12	-	-	-	-	-
-	spondyloartriitti	-	noun	5	tt:t	-	-	-	-
-	spondyloartropatia	-	noun	12	-	-	-	-	-
-	spondylolyysi	-	noun	5	-	front|back	-	-	-
-	spondyloptoosi	-	noun	5	-	-	-	-	-
-	stalakmiitti	-	noun	5	tt:t	-	-	-	-
-	stapediolyysi	-	noun	5	-	front|back	-	-	-
-	steatokystooma	-	noun	10	-	-	-	-	-
-	steatoosi	-	noun	5	-	-	-	-	-
-	sternotomia	-	noun	12	-	-	-	-	-
-	stipulaatio	-	noun	3	-	-	-	-	-
-	strangulaatio	-	noun	3	-	-	-	-	-
-	stranguria	-	noun	12	-	-	-	-	-
-	subjektivaatio	-	noun	3	-	-	-	-	-
-	suffisienssi	-	noun	5	-	-	-	-	-
-	sufisti	-	noun	5	-	-	-	-	-
-	suisidologia	-	noun	12	-	-	-	-	-
-	summaatio	-	noun	3	-	-	-	-	-
-	superstitio	-	noun	3	-	-	-	-	-
-	suunpieksijä	-	noun	12	-	-	-	-	-
-	sveesi	-	noun	5	-	-	-	-	-
-	syaniini	-	noun	5	-	-	-	-	-
-	sydänkaterisaatio	-	noun	3	-	-	-	-	-
-	syklotyymi	-	noun	5	-	front|back	-	-	-
-	syndesmoosi	-	noun	5	-	-	-	-	-
-	synkinesia	-	noun	12	-	-	-	-	-
-	synkretisti	-	noun	5	-	-	-	-	-
-	synkronisaattori	-	noun	6	-	-	-	-	-
-	syrjittyys	-	noun	40	-	-	-	-	-
-	syöstävä	-	adjective	10	-	-	-	-	-
-	särkymätön	-	adjective	34	tt:t	-	-	-	-
-	säädettävä	-	adjective	10	-	-	-	-	-
-	taalalaimaalainen	-	adjective	38	-	-	-	-	-
-	taalalaimaalainen	-	noun	38	-	-	-	-	-
-	taalalainen	-	noun	38	-	-	-	-	-
-	tafefobia	-	noun	12	-	-	-	-	-
-	tafofilia	-	noun	12	-	-	-	-	-
-	takyfrasia	-	noun	12	-	-	-	-	-
-	takylalia	-	noun	12	-	-	-	-	-
-	talaari	-	noun	5	-	-	-	-	-
-	talamotomia	-	noun	12	-	-	-	-	-
-	tamponaatio	-	noun	3	-	-	-	-	-
-	taonnainen	-	adjective	38	-	-	-	-	-
-	tavoitteisto	-	noun	2	-	-	-	-	-
-	tehtävistö	-	noun	2	-	-	-	-	-
-	teknomaani	-	noun	5	-	-	-	-	-
-	telogeeni	-	noun	5	-	front|back	-	-	-
-	tendinoosi	-	noun	5	-	-	-	-	-
-	tenekteplaasi	-	noun	5	-	-	-	-	-
-	teomania	-	noun	12	-	-	-	-	-
-	teratofobia	-	noun	12	-	-	-	-	-
-	termiikka	-	noun	9	kk:k	-	-	-	-
-	terminologi	-	noun	5	-	-	-	-	-
-	terrapiini	-	noun	5	-	-	-	-	-
-	tevanaketeollisuus	-	noun	40	-	-	-	-	-
-	tigmotaksia	-	noun	12	-	-	-	-	-
-	titiini	-	noun	5	-	-	-	-	-
-	tokenismi	-	noun	5	-	-	-	-	-
-	tokologia	-	noun	12	-	-	-	-	-
-	toksikofobia	-	noun	12	-	-	-	-	-
-	toksikologi	-	noun	5	-	-	-	-	-
-	toksiteetti	-	noun	5	tt:t	-	-	-	-
-	tomogrammi	-	noun	5	-	-	-	-	-
-	tonotopia	-	noun	12	-	-	-	-	-
-	tonsillektomia	-	noun	12	-	-	-	-	-
-	tonttu	-	adjective	1	tt:t	-	-	-	-
-	toonisuus	-	noun	40	-	-	-	-	-
-	topofobia	-	noun	12	-	-	-	-	-
-	trabekulaatio	-	noun	3	-	-	-	-	-
-	trakelektomia	-	noun	12	-	-	-	-	-
-	transformationalismi	-	noun	5	-	-	-	-	-
-	transformationalisti	-	noun	5	-	-	-	-	-
-	transkendenssi	-	noun	5	-	-	-	-	-
-	transsudaatti	-	noun	5	tt:t	-	-	-	-
-	transudaatti	-	noun	5	tt:t	-	-	-	-
-	traumatofilia	-	noun	12	-	-	-	-	-
-	traumatofobia	-	noun	12	-	-	-	-	-
-	trombendarterektomia	-	noun	12	-	-	-	-	-
-	trombofilia	-	noun	12	-	-	-	-	-
-	trombomoduliini	-	noun	5	-	-	-	-	-
-	trotskisti	-	noun	5	-	-	-	-	-
-	tsaristi	-	noun	5	-	-	-	-	-
-	tuittupää	-	adjective	18	-	-	-	-	-
-	tukahduttava	-	adjective	10	-	-	-	-	-
-	tunnustettu	-	adjective	1	tt:t	-	-	-	-
-	tymopatia	-	noun	12	-	-	-	-	-
-	tympanostomia	-	noun	12	-	-	-	-	-
-	tympeähkö	-	adjective	1	-	-	-	-	-
-	tyreoidektomia	-	noun	12	-	-	-	-	-
-	tyreotoksikoosi	-	noun	5	-	-	-	-	-
-	ultrafiltraatio	-	noun	3	-	-	-	-	-
-	unifiointi	-	noun	5	nt:nn	-	-	-	-
-	uniformismi	-	noun	5	-	-	-	-	-
-	uniformisti	-	noun	5	-	-	-	-	-
-	uniformisuus	-	noun	40	-	-	-	-	-
-	uralistiikka	-	noun	9	kk:k	-	-	-	-
-	uranofobia	-	noun	12	-	-	-	-	-
-	uranografia	-	noun	12	-	-	-	-	-
-	uranolatria	-	noun	12	-	-	-	-	-
-	uranomania	-	noun	12	-	-	-	-	-
-	urbaanistuminen	-	noun	38	-	-	-	-	-
-	ureesi	-	noun	5	-	-	-	-	-
-	urinooma	-	noun	10	-	-	-	-	-
-	urobiliini	-	noun	5	-	-	-	-	-
-	urolagnia	-	noun	12	-	-	-	-	-
-	usuraatio	-	noun	3	-	-	-	-	-
-	vagotomia	-	noun	12	-	-	-	-	-
-	vagotonia	-	noun	12	-	-	-	-	-
-	vaikeneminen	-	noun	38	-	-	-	-	-
-	vaksiini	-	noun	5	-	-	-	-	-
-	vaksinaatio	-	noun	3	-	-	-	-	-
-	valikoiva	-	adjective	10	-	-	-	-	-
-	valkkis	-	noun	39	-	-	-	-	-
-	varhaisaktivaatio	-	noun	3	-	-	-	-	-
-	vasodilaatio	-	noun	3	-	-	-	-	-
-	vasodilataatio	-	noun	3	-	-	-	-	-
-	vasokonstriktori	-	noun	6	-	-	-	-	-
-	vastattava	-	adjective	10	-	-	-	-	-
-	ventrikulostomia	-	noun	12	-	-	-	-	-
-	veristi	-	noun	5	-	-	-	-	-
-	vermlanninsuomalainen	-	noun	38	-	-	-	-	-
-	vesikulaarinen	-	adjective	38	-	-	-	-	-
-	viabiliteetti	-	noun	5	tt:t	-	-	-	-
-	vibrografi	-	noun	5	-	-	-	-	-
-	vibrometri	-	noun	5	-	-	-	-	-
-	viekastelija	-	noun	12	-	-	-	-	-
-	viriliteetti	-	noun	5	tt:t	-	-	-	-
-	viroosi	-	noun	5	-	-	-	-	-
-	vitelliini	-	noun	5	-	-	-	-	-
-	vokabulaari	-	noun	5	-	-	-	-	-
-	vomitofobia	-	noun	12	-	-	-	-	-
-	välkkis	-	noun	39	-	-	-	-	-
-	väärennetty	-	adjective	1	tt:t	-	-	-	-
-	väärinpysäköijä	-	noun	10	-	-	-	-	-
-	yhteenkuulumattomuus	-	noun	40	-	-	-	-	-
-	zairelainen	-	noun	38	-	-	-	-	-
-	zanzibarilainen	-	noun	38	-	-	-	-	-
-	zarathustralainen	-	noun	38	-	-	-	-	-
-	zinnwaldiitti	-	noun	5	tt:t	-	-	-	-
-	zonoosi	-	noun	5	-	-	-	-	-
-	zoofagi	-	noun	5	-	-	-	-	-
-	zoogeografia	-	noun	12	-	-	-	-	-
-	zoomorfismi	-	noun	5	-	-	-	-	-
-	zoosemiotiikka	-	noun	9	kk:k	-	-	-	-
-	älyllistäminen	-	noun	38	-	-	-	-	-
-	äänteistö	-	noun	2	-	-	-	-	-
-	-henkinen	-	adjective	38	-	-	-	-	-
-	-ilmeinen	-	adjective	38	-	-	-	-	-
-	-karvainen	-	adjective	38	-	-	-	-	-
-	-karvainen	-	adjective	38	-	-	-	-	-
-	-kielinen	-	adjective	38	-	-	-	-	-
-	-kohtainen	-	adjective	38	-	-	-	-	-
-	-mainen	-	adjective	38	-	-	-	-	-
-	-makuinen	-	adjective	38	-	-	-	-	-
-	-miehinen	-	adjective	38	-	-	-	-	-
-	-moinen	-	adjective	38	-	-	-	-	-
-	-mäinen	-	adjective	38	-	-	-	-	-
-	-niekka	-	noun	9	kk:k	-	-	-	-
-	-niminen	-	adjective	38	-	-	-	-	-
-	-oktaaninen	-	adjective	38	-	-	-	-	-
-	-osainen	-	adjective	38	-	-	-	-	-
-	-osastoinen	-	adjective	38	-	-	-	-	-
-	-otteinen	-	adjective	38	-	-	-	-	-
-	-palkkainen	-	adjective	38	-	-	-	-	-
-	-penninen	-	adjective	38	-	-	-	-	-
-	-peräinen	-	adjective	38	-	-	-	-	-
-	-piirteinen	-	adjective	38	-	-	-	-	-
-	-pinnoitteinen	-	adjective	38	-	-	-	-	-
-	-pintainen	-	adjective	38	-	-	-	-	-
-	-pitoinen	-	adjective	38	-	-	-	-	-
-	-pitoisuus	-	noun	40	-	-	-	-	-
-	-pohjainen	-	adjective	38	-	-	-	-	-
-	-poskinen	-	adjective	38	-	-	-	-	-
-	-povinen	-	adjective	38	-	-	-	-	-
-	-puheinen	-	adjective	38	-	-	-	-	-
-	-pukuinen	-	adjective	38	-	-	-	-	-
-	-puolinen	-	adjective	38	-	-	-	-	-
-	-pyhäinen	-	adjective	38	-	-	-	-	-
-	-päinen	-	adjective	38	-	-	-	-	-
-	-päällyksinen	-	adjective	38	-	-	-	-	-
-	-päällysteinen	-	adjective	38	-	-	-	-	-
-	-rahoitteinen	-	adjective	38	-	-	-	-	-
-	-rajoitteinen	-	adjective	38	-	-	-	-	-
-	-rakenteinen	-	adjective	38	-	-	-	-	-
-	-ravinteinen	-	adjective	38	-	-	-	-	-
-	-reunainen	-	adjective	38	-	-	-	-	-
-	-reunusteinen	-	adjective	38	-	-	-	-	-
-	-rikko	-	noun	1	kk:k	-	-	-	-
-	-rintainen	-	adjective	38	-	-	-	-	-
-	-rivinen	-	adjective	38	-	-	-	-	-
-	-rotuinen	-	adjective	38	-	-	-	-	-
-	-runkoinen	-	adjective	38	-	-	-	-	-
-	-ruokainen	-	adjective	38	-	-	-	-	-
-	-ryhtinen	-	adjective	38	-	-	-	-	-
-	-silmäinen	-	adjective	38	-	-	-	-	-
-	-skopia	-	noun	12	-	-	-	-	-
-	-soluinen	-	adjective	38	-	-	-	-	-
-	-tahoinen	-	adjective	38	-	-	-	-	-
-	-tahtinen	-	adjective	38	-	-	-	-	-
-	-tapahtumainen	-	adjective	38	-	-	-	-	-
-	-tarpeinen	-	adjective	38	-	-	-	-	-
-	-tavoitteinen	-	adjective	38	-	-	-	-	-
-	-tehosteinen	-	adjective	38	-	-	-	-	-
-	-tekoinen	-	adjective	38	-	-	-	-	-
-	-tukkainen	-	adjective	38	-	-	-	-	-
-	-tuloinen	-	adjective	38	-	-	-	-	-
-	-tuloksinen	-	adjective	38	-	-	-	-	-
-	-tunteinen	-	adjective	38	-	-	-	-	-
-	-täytteinen	-	adjective	38	-	-	-	-	-
-	-ulotteinen	-	adjective	38	-	-	-	-	-
-	-uskoinen	-	adjective	38	-	-	-	-	-
-	-vaikutteinen	-	adjective	38	-	-	-	-	-
-	-vaikutuksinen	-	adjective	38	-	-	-	-	-
-	-valmisteinen	-	adjective	38	-	-	-	-	-
-	-valtainen	-	adjective	38	-	-	-	-	-
-	-vartinen	-	adjective	38	-	-	-	-	-
-	-vetoinen	-	adjective	38	-	-	-	-	-
-	-viikkoinen	-	adjective	38	-	-	-	-	-
-	-voimainen	-	adjective	38	-	-	-	-	-
-	-vointinen	-	adjective	38	-	-	-	-	-
-	-voittoinen	-	adjective	38	-	-	-	-	-
-	-vuotias	-	adjective	41	-	-	-	-	-
-	-vuotinen	-	adjective	38	-	-	-	-	-
-	-väestöinen	-	adjective	38	-	-	-	-	-
-	-väritteinen	-	adjective	38	-	-	-	-	-
-	-ymmärteinen	-	adjective	38	-	-	-	-	-
-	-ystävällinen	-	adjective	38	-	-	-	-	-
-	-älyinen	-	adjective	38	-	-	-	-	-
-	-ääninen	-	adjective	38	-	-	-	-	-
