älä	ei	verb	-	+imper+2sg
älkää	ei	verb	-	+imper+2pl
älkäätte	ei	verb	-	+imper+2pl+poet
älkäämme	ei	verb	-	+imper+2pl+poet
älköön	ei	verb	-	+imper+3sg
älkööt	ei	verb	-	+imper+3pl
ällös	ei	verb	-	+optat
äläkä	ei	verb	-	+imper+2sg+ka
älkääkä	ei	verb	-	+imper+2pl+ka
älkäättekä	ei	verb	-	+imper+2pl+poet+ka
älköönkä	ei	verb	-	+imper+3sg+ka
älköötkä	ei	verb	-	+imper+3pl+ka
elä	ei	verb	-	+imper+2sg+dial
elkää	ei	verb	-	+imper+2pl+dial
elkäätte	ei	verb	-	+imper+2pl+dial
elköön	ei	verb	-	+imper+3sg+dial
elkööt	ei	verb	-	+imper+3pl+dial
ellös	ei	verb	-	+optat+dial
eläkä	ei	verb	-	+imper+2sg+ka+dial
elkääkä	ei	verb	-	+imper+2pl+ka+dial
elkäättekä	ei	verb	-	+imper+2pl+ka+dial
elköönkä	ei	verb	-	+imper+3sg+ka+dial
elköötkä	ei	verb	-	+imper+3pl+ka+dial
enkä	ei	verb	-	+1sg+ka
etkä	ei	verb	-	+2sg+ka
eikä	ei	verb	-	+3sg+ka
emmekä	ei	verb	-	+1pl+ka
ettekä	ei	verb	-	+2pl+ka
eivätkä	ei	verb	-	+3pl+ka
minä	minä	pronoun	-	+sg+nom
minut	minä	pronoun	-	+sg+acc
minun	minä	pronoun	-	+sg+gen
minua	minä	pronoun	-	+sg+par
minuun	minä	pronoun	-	+sg+ill
minussa	minä	pronoun	-	+sg+ine
minusta	minä	pronoun	-	+sg+ela
minulle	minä	pronoun	-	+sg+all
minulla	minä	pronoun	-	+sg+ade
minulta	minä	pronoun	-	+sg+abl
minuksi	minä	pronoun	-	+sg+tra
minuna	minä	pronoun	-	+sg+ess
sinä	sinä	pronoun	-	+sg+nom
sinut	sinä	pronoun	-	+sg+acc
sinun	sinä	pronoun	-	+sg+gen
sinua	sinä	pronoun	-	+sg+par
sinuun	sinä	pronoun	-	+sg+ill
sinussa	sinä	pronoun	-	+sg+ine
sinusta	sinä	pronoun	-	+sg+ela
sinulle	sinä	pronoun	-	+sg+all
sinulla	sinä	pronoun	-	+sg+ade
sinulta	sinä	pronoun	-	+sg+abl
sinuksi	sinä	pronoun	-	+sg+tra
sinuna	sinä	pronoun	-	+sg+ess
mä	mä	pronoun	dial|coll	+sg+nom
mut	mä	pronoun	dial|coll	+sg+acc
mun	mä	pronoun	dial|coll	+sg+gen
mua	mä	pronoun	dial|coll	+sg+par
muhun	mä	pronoun	dial|coll	+sg+ill
mussa	mä	pronoun	dial|coll	+sg+ine
musta	mä	pronoun	dial|coll	+sg+ela
mulle	mä	pronoun	dial|coll	+sg+all
mulla	mä	pronoun	dial|coll	+sg+ade
multa	mä	pronoun	dial|coll	+sg+abl
muksi	mä	pronoun	dial|coll	+sg+tra
sä	sä	pronoun	dial|coll	+sg+nom
sut	sä	pronoun	dial|coll	+sg+acc
sun	sä	pronoun	dial|coll	+sg+gen
sua	sä	pronoun	dial|coll	+sg+par
suhun	sä	pronoun	dial|coll	+sg+ill
sussa	sä	pronoun	dial|coll	+sg+ine
susta	sä	pronoun	dial|coll	+sg+ela
sulle	sä	pronoun	dial|coll	+sg+all
sulla	sä	pronoun	dial|coll	+sg+ade
sulta	sä	pronoun	dial|coll	+sg+abl
suksi	sä	pronoun	dial|coll	+sg+tra
mie	mie	pronoun	dial|coll	+sg+nom
miut	mie	pronoun	dial|coll	+sg+acc
miun	mie	pronoun	dial|coll	+sg+gen
miuta	mie	pronoun	dial|coll	+sg+par
miuhun	mie	pronoun	dial|coll	+sg+ill
miuun	mie	pronoun	dial|coll	+sg+ill
miussa	mie	pronoun	dial|coll	+sg+ine
miusta	mie	pronoun	dial|coll	+sg+ela
miulle	mie	pronoun	dial|coll	+sg+all
miulla	mie	pronoun	dial|coll	+sg+ade
miulta	mie	pronoun	dial|coll	+sg+abl
miuksi	mie	pronoun	dial|coll	+sg+tra
miuna	mie	pronoun	dial|coll	+sg+ess
miutta	mie	pronoun	dial|coll	+sg+abe
sie	sie	pronoun	dial|coll	+sg+nom
siut	sie	pronoun	dial|coll	+sg+acc
siun	sie	pronoun	dial|coll	+sg+gen
siuta	sie	pronoun	dial|coll	+sg+par
siuhun	sie	pronoun	dial|coll	+sg+ill
siuun	sie	pronoun	dial|coll	+sg+ill
siussa	sie	pronoun	dial|coll	+sg+ine
siusta	sie	pronoun	dial|coll	+sg+ela
siulle	sie	pronoun	dial|coll	+sg+all
siulla	sie	pronoun	dial|coll	+sg+ade
siulta	sie	pronoun	dial|coll	+sg+abl
siuksi	sie	pronoun	dial|coll	+sg+tra
siuna	sie	pronoun	dial|coll	+sg+ess
siutta	sie	pronoun	dial|coll	+sg+abe
hän	hän	pronoun	-	+sg+nom
hänet	hän	pronoun	-	+sg+acc
hänen	hän	pronoun	-	+sg+gen
häntä	hän	pronoun	-	+sg+par
häneen	hän	pronoun	-	+sg+ill
hänessä	hän	pronoun	-	+sg+ine
hänestä	hän	pronoun	-	+sg+ela
hänelle	hän	pronoun	-	+sg+all
hänellä	hän	pronoun	-	+sg+ade
häneltä	hän	pronoun	-	+sg+abl
häneksi	hän	pronoun	-	+sg+tra
hänenä	hän	pronoun	-	+sg+ess
me	me	pronoun-pl	-	+nom
meidät	me	pronoun-pl	-	+acc
meidän	me	pronoun-pl	-	+gen
meitä	me	pronoun-pl	-	+par
meihin	me	pronoun-pl	-	+ill
meissä	me	pronoun-pl	-	+ine
meistä	me	pronoun-pl	-	+ela
meille	me	pronoun-pl	-	+all
meillä	me	pronoun-pl	-	+ade
meiltä	me	pronoun-pl	-	+abl
meiksi	me	pronoun-pl	-	+tra
meinä	me	pronoun-pl	-	+ess
te	te	pronoun-pl	-	+nom
teidät	te	pronoun-pl	-	+acc
teidän	te	pronoun-pl	-	+gen
teitä	te	pronoun-pl	-	+par
teihin	te	pronoun-pl	-	+ill
teissä	te	pronoun-pl	-	+ine
teistä	te	pronoun-pl	-	+ela
teille	te	pronoun-pl	-	+all
teillä	te	pronoun-pl	-	+ade
teiltä	te	pronoun-pl	-	+abl
teiksi	te	pronoun-pl	-	+tra
teinä	te	pronoun-pl	-	+ess
he	he	pronoun-pl	-	+nom
heidät	he	pronoun-pl	-	+acc
heidän	he	pronoun-pl	-	+gen
heitä	he	pronoun-pl	-	+par
heihin	he	pronoun-pl	-	+ill
heissä	he	pronoun-pl	-	+ine
heistä	he	pronoun-pl	-	+ela
heille	he	pronoun-pl	-	+all
heillä	he	pronoun-pl	-	+ade
heiltä	he	pronoun-pl	-	+abl
heiksi	he	pronoun-pl	-	+tra
heinä	he	pronoun-pl	-	+ess
se	se	pronoun	-	+sg+nom
sen	se	pronoun	-	+sg+gen
sitä	se	pronoun	-	+sg+par
siihen	se	pronoun	-	+sg+ill
siinä	se	pronoun	-	+sg+ine
siitä	se	pronoun	-	+sg+ela
sille	se	pronoun	-	+sg+all
sillä	se	pronoun	-	+sg+ade
siltä	se	pronoun	-	+sg+abl
siksi	se	pronoun	-	+sg+tra
sinä	se	pronoun	-	+sg+ess
ne	se	pronoun	-	+pl+nom
niiden	se	pronoun	-	+pl+gen
niitten	se	pronoun	-	+pl+gen
niitä	se	pronoun	-	+pl+par
niihin	se	pronoun	-	+pl+ill
niissä	se	pronoun	-	+pl+ine
niistä	se	pronoun	-	+pl+ela
niille	se	pronoun	-	+pl+all
niillä	se	pronoun	-	+pl+ade
niiltä	se	pronoun	-	+pl+abl
niiksi	se	pronoun	-	+pl+tra
niinä	se	pronoun	-	+pl+ess
niine	se	pronoun	-	+pl+com
niittä	se	pronoun	-	+pl+abe+rare
tuo	tuo	pronoun	-	+sg+nom
tuolta	tuo	pronoun	-	+sg+abl
tuolla	tuo	pronoun	-	+sg+ade
tuolle	tuo	pronoun	-	+sg+all
tuosta	tuo	pronoun	-	+sg+ela
tuona	tuo	pronoun	-	+sg+ess
tuon	tuo	pronoun	-	+sg+gen
tuohon	tuo	pronoun	-	+sg+ill
tuossa	tuo	pronoun	-	+sg+ine
tuota	tuo	pronoun	-	+sg+par
tuoksi	tuo	pronoun	-	+sg+tra
nuo	tuo	pronoun	-	+pl+nom
noitta	tuo	pronoun	-	+pl+abe+rare
noilta	tuo	pronoun	-	+pl+abl
noilla	tuo	pronoun	-	+pl+ade
noille	tuo	pronoun	-	+pl+all
noine	tuo	pronoun	-	+pl+com
noista	tuo	pronoun	-	+pl+ela
noina	tuo	pronoun	-	+pl+ess
noiden	tuo	pronoun	-	+pl+gen
noitten	tuo	pronoun	-	+pl+gen
noihin	tuo	pronoun	-	+pl+ill
noissa	tuo	pronoun	-	+pl+ine
noita	tuo	pronoun	-	+pl+par
noiksi	tuo	pronoun	-	+pl+tra
tämä	tämä	pronoun	-	+sg+nom
tältä	tämä	pronoun	-	+sg+abl
tällä	tämä	pronoun	-	+sg+ade
tälle	tämä	pronoun	-	+sg+all
tästä	tämä	pronoun	-	+sg+ela
tänä	tämä	pronoun	-	+sg+ess
tämän	tämä	pronoun	-	+sg+gen
tähän	tämä	pronoun	-	+sg+ill
tässä	tämä	pronoun	-	+sg+ine
tätä	tämä	pronoun	-	+sg+par
täksi	tämä	pronoun	-	+sg+tra
nämä	tämä	pronoun	-	+pl+nom
näittä	tämä	pronoun	-	+pl+abe+rare
näiltä	tämä	pronoun	-	+pl+abl
näillä	tämä	pronoun	-	+pl+ade
näille	tämä	pronoun	-	+pl+all
näine	tämä	pronoun	-	+pl+com
näistä	tämä	pronoun	-	+pl+ela
näinä	tämä	pronoun	-	+pl+ess
näiden	tämä	pronoun	-	+pl+gen
näitten	tämä	pronoun	-	+pl+gen
näihin	tämä	pronoun	-	+pl+ill
näissä	tämä	pronoun	-	+pl+ine
näitä	tämä	pronoun	-	+pl+par
näiksi	tämä	pronoun	-	+pl+tra
kuka	kuka	pronoun	-	+sg+nom
kenet	kuka	pronoun	-	+sg+acc
kenen	kuka	pronoun	-	+sg+gen
ketä	kuka	pronoun	-	+sg+par
keneen	kuka	pronoun	-	+sg+ill
kehen	kuka	pronoun	-	+sg+ill
kenessä	kuka	pronoun	-	+sg+ine
kenestä	kuka	pronoun	-	+sg+ela
kenelle	kuka	pronoun	-	+sg+all
kenellä	kuka	pronoun	-	+sg+ade
keneltä	kuka	pronoun	-	+sg+abl
kelle	kuka	pronoun	-	+sg+all
kellä	kuka	pronoun	-	+sg+ade
keltä	kuka	pronoun	-	+sg+abl
keneksi	kuka	pronoun	-	+sg+tra
kenenä	kuka	pronoun	-	+sg+ess
kenä	kuka	pronoun	-	+sg+ess
ketkä	kuka	pronoun	-	+pl+nom
keiden	kuka	pronoun	-	+pl+gen
keitten	kuka	pronoun	-	+pl+gen
keitä	kuka	pronoun	-	+pl+par
keihin	kuka	pronoun	-	+pl+ill
keissä	kuka	pronoun	-	+pl+ine
keistä	kuka	pronoun	-	+pl+ela
keillä	kuka	pronoun	-	+pl+all
keillä	kuka	pronoun	-	+pl+ade
keiltä	kuka	pronoun	-	+pl+abl
keiksi	kuka	pronoun	-	+pl+tra
keinä	kuka	pronoun	-	+pl+ess
mikä	mikä	pronoun	-	+sg+nom
minkä	mikä	pronoun	-	+sg+gen
mitä	mikä	pronoun	-	+sg+par
mihin	mikä	pronoun	-	+sg+ill
missä	mikä	pronoun	-	+sg+ine
mistä	mikä	pronoun	-	+sg+ela
mille	mikä	pronoun	-	+sg+all
millä	mikä	pronoun	-	+sg+ade
miltä	mikä	pronoun	-	+sg+abl
miksi	mikä	pronoun	-	+sg+tra
minä	mikä	pronoun	-	+sg+ess
mitkä	mikä	pronoun	-	+pl+nom
minkä	mikä	pronoun	-	+pl+gen
mitä	mikä	pronoun	-	+pl+par
mihin	mikä	pronoun	-	+pl+ill
missä	mikä	pronoun	-	+pl+ine
mistä	mikä	pronoun	-	+pl+ela
mille	mikä	pronoun	-	+pl+all
millä	mikä	pronoun	-	+pl+ade
miltä	mikä	pronoun	-	+pl+abl
miksi	mikä	pronoun	-	+pl+tra
minä	mikä	pronoun	-	+pl+ess
joka	joka	pronoun	1	+sg+nom
jonka	joka	pronoun	1	+sg+gen
jota	joka	pronoun	1	+sg+par
johon	joka	pronoun	1	+sg+ill
jossa	joka	pronoun	1	+sg+ine
josta	joka	pronoun	1	+sg+ela
jolle	joka	pronoun	1	+sg+all
jolla	joka	pronoun	1	+sg+ade
jolta	joka	pronoun	1	+sg+abl
joksi	joka	pronoun	1	+sg+tra
jona	joka	pronoun	1	+sg+ess
jotka	joka	pronoun	1	+pl+nom
joiden	joka	pronoun	1	+pl+gen
joitten	joka	pronoun	1	+pl+gen
joita	joka	pronoun	1	+pl+par
joihin	joka	pronoun	1	+pl+ill
joissa	joka	pronoun	1	+pl+ine
joista	joka	pronoun	1	+pl+ela
joille	joka	pronoun	1	+pl+all
joilla	joka	pronoun	1	+pl+ade
joilta	joka	pronoun	1	+pl+abl
joiksi	joka	pronoun	1	+pl+tra
joina	joka	pronoun	1	+pl+ess
jompikumpi	jompikumpi	pronoun	-	+sg+nom
jommankumman	jompikumpi	pronoun	-	+sg+gen
jompaakumpaa	jompikumpi	pronoun	-	+sg+par
jompaankumpaan	jompikumpi	pronoun	-	+sg+ill
jommassakummassa	jompikumpi	pronoun	-	+sg+ine
jommastakummasta	jompikumpi	pronoun	-	+sg+ela
jommallekummalle	jompikumpi	pronoun	-	+sg+all
jommallakummalla	jompikumpi	pronoun	-	+sg+ade
jommaltakummalta	jompikumpi	pronoun	-	+sg+abl
jommaksikummaksi	jompikumpi	pronoun	-	+sg+tra
jompanakumpana	jompikumpi	pronoun	-	+sg+ess
jommatkummat	jompikumpi	pronoun	-	+pl+nom
jompienkumpien	jompikumpi	pronoun	-	+pl+gen
jompiakumpia	jompikumpi	pronoun	-	+pl+par
jompiinkumpiin	jompikumpi	pronoun	-	+pl+ill
jommissakummissa	jompikumpi	pronoun	-	+pl+ine
jommistakummista	jompikumpi	pronoun	-	+pl+ela
jommillekummille	jompikumpi	pronoun	-	+pl+all
jommillakummilla	jompikumpi	pronoun	-	+pl+ade
jommiltakummilta	jompikumpi	pronoun	-	+pl+abl
jommiksikummiksi	jompikumpi	pronoun	-	+pl+tra
jompinakumpina	jompikumpi	pronoun	-	+pl+ess
joku	joku	pronoun	-	+sg+nom
jonkun	joku	pronoun	-	+sg+gen
jotakuta	joku	pronoun	-	+sg+par
johonkuhun	joku	pronoun	-	+sg+ill
jossakussa	joku	pronoun	-	+sg+ine
jostakusta	joku	pronoun	-	+sg+ela
jollekulle	joku	pronoun	-	+sg+all
jollakulla	joku	pronoun	-	+sg+ade
joltakulta	joku	pronoun	-	+sg+abl
joksikuksi	joku	pronoun	-	+sg+tra
jonakuna	joku	pronoun	-	+sg+ess
jotkut	joku	pronoun	-	+pl+nom
joidenkuiden	joku	pronoun	-	+pl+gen
joittenkuitten	joku	pronoun	-	+pl+gen
joitakuita	joku	pronoun	-	+pl+par
joihinkuihin	joku	pronoun	-	+pl+ill
joissakuissa	joku	pronoun	-	+pl+ine
joistakuista	joku	pronoun	-	+pl+ela
joillekuille	joku	pronoun	-	+pl+all
joillakuilla	joku	pronoun	-	+pl+ade
joiltakuilta	joku	pronoun	-	+pl+abl
joiksikuiksi	joku	pronoun	-	+pl+tra
joinakuina	joku	pronoun	-	+pl+ess
jokin	jokin	pronoun	-	+sg+nom
jonkin	jokin	pronoun	-	+sg+gen
jotakin	jokin	pronoun	-	+sg+par
jotain	jokin	pronoun	-	+sg+par
johonkin	jokin	pronoun	-	+sg+ill
jossakin	jokin	pronoun	-	+sg+ine
jostakin	jokin	pronoun	-	+sg+ela
jossain	jokin	pronoun	-	+sg+ine
jostain	jokin	pronoun	-	+sg+ela
jollekin	jokin	pronoun	-	+sg+all
jollakin	jokin	pronoun	-	+sg+ade
joltakin	jokin	pronoun	-	+sg+abl
jollain	jokin	pronoun	-	+sg+ade
joltain	jokin	pronoun	-	+sg+abl
joksikin	jokin	pronoun	-	+sg+tra
jonakin	jokin	pronoun	-	+sg+ess
jonain	jokin	pronoun	-	+sg+ess
jotkin	jokin	pronoun	-	+pl+nom
joidenkin	jokin	pronoun	-	+pl+gen
joittenkin	jokin	pronoun	-	+pl+gen
joitakin	jokin	pronoun	-	+pl+par
joitain	jokin	pronoun	-	+pl+par
joihinkin	jokin	pronoun	-	+pl+ill
joissakin	jokin	pronoun	-	+pl+ine
joistakin	jokin	pronoun	-	+pl+ela
joissain	jokin	pronoun	-	+pl+ine
joistain	jokin	pronoun	-	+pl+ela
joillekin	jokin	pronoun	-	+pl+all
joillakin	jokin	pronoun	-	+pl+ade
joiltakin	jokin	pronoun	-	+pl+abl
joillain	jokin	pronoun	-	+pl+ade
joiltain	jokin	pronoun	-	+pl+abl
joiksikin	jokin	pronoun	-	+pl+tra
joinakin	jokin	pronoun	-	+pl+ess
joinain	jokin	pronoun	-	+pl+ess
kukin	kukin	pronoun	-	+sg+nom
kunkin	kukin	pronoun	-	+sg+gen
kutakin	kukin	pronoun	-	+sg+par
kuhunkin	kukin	pronoun	-	+sg+ill
kussakin	kukin	pronoun	-	+sg+ine
kustakin	kukin	pronoun	-	+sg+ela
kullekin	kukin	pronoun	-	+sg+all
kullakin	kukin	pronoun	-	+sg+ade
kultakin	kukin	pronoun	-	+sg+abl
kuksikin	kukin	pronoun	-	+sg+tra
kunakin	kukin	pronoun	-	+sg+ess
kutkin	kukin	pronoun	-	+pl+nom
kuidenkin	kukin	pronoun	-	+pl+gen
kuittenkin	kukin	pronoun	-	+pl+gen
kuitakin	kukin	pronoun	-	+pl+par
kuihinkin	kukin	pronoun	-	+pl+ill
kuissakin	kukin	pronoun	-	+pl+ine
kuistakin	kukin	pronoun	-	+pl+ela
kuillekin	kukin	pronoun	-	+pl+all
kuillakin	kukin	pronoun	-	+pl+ade
kuiltakin	kukin	pronoun	-	+pl+abl
kuiksikin	kukin	pronoun	-	+pl+tra
kuinakin	kukin	pronoun	-	+pl+ess
mikin	mikin	pronoun	-	+sg+nom
minkin	mikin	pronoun	-	+sg+gen
mitäkin	mikin	pronoun	-	+sg+par
mihinkin	mikin	pronoun	-	+sg+ill
missäkin	mikin	pronoun	-	+sg+ine
mistäkin	mikin	pronoun	-	+sg+ela
millekin	mikin	pronoun	-	+sg+all
milläkin	mikin	pronoun	-	+sg+ade
miltäkin	mikin	pronoun	-	+sg+abl
miksikin	mikin	pronoun	-	+sg+tra
minakin	mikin	pronoun	-	+sg+ess
mitkin	mikin	pronoun	-	+pl+nom
minkin	mikin	pronoun	-	+pl+gen
mitäkin	mikin	pronoun	-	+pl+par
mihinkin	mikin	pronoun	-	+pl+ill
missäkin	mikin	pronoun	-	+pl+ine
mistäkin	mikin	pronoun	-	+pl+ela
millekin	mikin	pronoun	-	+pl+all
milläkin	mikin	pronoun	-	+pl+ade
miltäkin	mikin	pronoun	-	+pl+abl
miksikin	mikin	pronoun	-	+pl+tra
minäkin	mikin	pronoun	-	+pl+ess
kumpikin	kumpikin	pronoun	-	+sg+nom
kummankin	kumpikin	pronoun	-	+sg+gen
kumpaakin	kumpikin	pronoun	-	+sg+par
kumpaankin	kumpikin	pronoun	-	+sg+ill
kummassakin	kumpikin	pronoun	-	+sg+ine
kummastakin	kumpikin	pronoun	-	+sg+ela
kummallekin	kumpikin	pronoun	-	+sg+all
kummallakin	kumpikin	pronoun	-	+sg+ade
kummaltakin	kumpikin	pronoun	-	+sg+abl
kummaksikin	kumpikin	pronoun	-	+sg+tra
kumpanakin	kumpikin	pronoun	-	+sg+ess
kummatkin	kumpikin	pronoun	-	+pl+nom
kumpienkin	kumpikin	pronoun	-	+pl+gen
kumpiakin	kumpikin	pronoun	-	+pl+par
kumpiinkin	kumpikin	pronoun	-	+pl+ill
kummissakin	kumpikin	pronoun	-	+pl+ine
kummistakin	kumpikin	pronoun	-	+pl+ela
kummillekin	kumpikin	pronoun	-	+pl+all
kummillakin	kumpikin	pronoun	-	+pl+ade
kummiltakin	kumpikin	pronoun	-	+pl+abl
kummiksikin	kumpikin	pronoun	-	+pl+tra
kumpinakin	kumpikin	pronoun	-	+pl+ess
kumpikaan	kumpikaan	pronoun	-	+sg+nom
kummankaan	kumpikaan	pronoun	-	+sg+gen
kumpaakaan	kumpikaan	pronoun	-	+sg+par
kumpaankaan	kumpikaan	pronoun	-	+sg+ill
kummassakaan	kumpikaan	pronoun	-	+sg+ine
kummastakaan	kumpikaan	pronoun	-	+sg+ela
kummallekaan	kumpikaan	pronoun	-	+sg+all
kummallakaan	kumpikaan	pronoun	-	+sg+ade
kummaltakaan	kumpikaan	pronoun	-	+sg+abl
kummaksikaan	kumpikaan	pronoun	-	+sg+tra
kumpanakaan	kumpikaan	pronoun	-	+sg+ess
kummatkaan	kumpikaan	pronoun	-	+pl+nom
kumpienkaan	kumpikaan	pronoun	-	+pl+gen
kumpiakaan	kumpikaan	pronoun	-	+pl+par
kumpiinkaan	kumpikaan	pronoun	-	+pl+ill
kummissakaan	kumpikaan	pronoun	-	+pl+ine
kummistakaan	kumpikaan	pronoun	-	+pl+ela
kummillekaan	kumpikaan	pronoun	-	+pl+all
kummillakaan	kumpikaan	pronoun	-	+pl+ade
kummiltakaan	kumpikaan	pronoun	-	+pl+abl
kummiksikaan	kumpikaan	pronoun	-	+pl+tra
kumpinakaan	kumpikaan	pronoun	-	+pl+ess
kukaan	kukaan	pronoun	-	+sg+nom
kenetkään	kukaan	pronoun	-	+sg+acc
kenenkään	kukaan	pronoun	-	+sg+gen
ketään	kukaan	pronoun	-	+sg+par
keneenkään	kukaan	pronoun	-	+sg+ill
kenessäkään	kukaan	pronoun	-	+sg+ine
kenestäkään	kukaan	pronoun	-	+sg+ela
kenellekään	kukaan	pronoun	-	+sg+all
kenelläkään	kukaan	pronoun	-	+sg+ade
keneltäkään	kukaan	pronoun	-	+sg+abl
keneksikään	kukaan	pronoun	-	+sg+tra
kenenäkään	kukaan	pronoun	-	+sg+ess
kellään	kukaan	pronoun	-	+sg+ade
keltään	kukaan	pronoun	-	+sg+abl
ketkään	kukaan	pronoun	-	+pl+nom
ketkään	kukaan	pronoun	-	+pl+acc+rare
keidenkään	kukaan	pronoun	-	+pl+gen
keittenkään	kukaan	pronoun	-	+pl+gen
keitään	kukaan	pronoun	-	+pl+par
keitäkään	kukaan	pronoun	-	+pl+par+rare
keihinkään	kukaan	pronoun	-	+pl+ill
keissäkään	kukaan	pronoun	-	+pl+ine
keistäkään	kukaan	pronoun	-	+pl+ela
keillekään	kukaan	pronoun	-	+pl+all
keilläkään	kukaan	pronoun	-	+pl+ade
keiltäkään	kukaan	pronoun	-	+pl+abl
keiksikään	kukaan	pronoun	-	+pl+tra
keinäkään	kukaan	pronoun	-	+pl+ess
keillään	kukaan	pronoun	-	+pl+ade
keiltään	kukaan	pronoun	-	+pl+abl
kenkään	kukaan	pronoun	-	+sg+gen+poet
kutkaan	kukaan	pronoun	-	+pl+nom+arch
kutkaan	kukaan	pronoun	-	+pl+acc+arch
kuidenkaan	kukaan	pronoun	-	+pl+gen+arch
kuittenkaan	kukaan	pronoun	-	+pl+gen+arch
kuitakaan	kukaan	pronoun	-	+pl+par+arch
kuihinkaan	kukaan	pronoun	-	+pl+ill+arch
kuissakaan	kukaan	pronoun	-	+pl+ine+arch
kuistakaan	kukaan	pronoun	-	+pl+ela+arch
kuillekaan	kukaan	pronoun	-	+pl+all+arch
kuillakaan	kukaan	pronoun	-	+pl+ade+arch
kuiltakaan	kukaan	pronoun	-	+pl+abl+arch
kuiksikaan	kukaan	pronoun	-	+pl+tra+arch
kuinakaan	kukaan	pronoun	-	+pl+ess+arch
kuillaan	kukaan	pronoun	-	+pl+ade+arch
kuiltaan	kukaan	pronoun	-	+pl+abl+arch
kunkaan	kukaan	pronoun	-	+sg+gen+poet
mikään	mikään	pronoun	-	+sg+nom
minkään	mikään	pronoun	-	+sg+gen
mitään	mikään	pronoun	-	+sg+par
mihinkään	mikään	pronoun	-	+sg+ill
missään	mikään	pronoun	-	+sg+ine
mistään	mikään	pronoun	-	+sg+ela
millekään	mikään	pronoun	-	+sg+all
millään	mikään	pronoun	-	+sg+ade
miltään	mikään	pronoun	-	+sg+abl
miksikään	mikään	pronoun	-	+sg+tra
minään	mikään	pronoun	-	+sg+ess
mitkään	mikään	pronoun	-	+pl+nom
minkään	mikään	pronoun	-	+pl+gen
mitään	mikään	pronoun	-	+pl+par
mihinkään	mikään	pronoun	-	+pl+ill
missään	mikään	pronoun	-	+pl+ine
mistään	mikään	pronoun	-	+pl+ela
millekään	mikään	pronoun	-	+pl+all
millään	mikään	pronoun	-	+pl+ade
miltään	mikään	pronoun	-	+pl+abl
miksikään	mikään	pronoun	-	+pl+tra
minään	mikään	pronoun	-	+pl+ess
mi	mi	pronoun	poet	+sg+nom
min	mi	pronoun	poet	+sg+gen
muuan	muuan	pronoun	-	+sg+nom
muuatta	muuan	pronoun	-	+sg+par

viisi	viisi	noun	coll	+sg+nom+rare
viisin	viisi	noun	coll	+sg+gen+rare
viisin	viisi	noun	coll	+sg+ins
viisiin	viisi	noun	coll	+sg+ill
viisiä	viisi	noun	coll	+sg+par
jumalten	jumala	noun	-	+pl+gen+poet
viisasten	viisas	adjective	-	+pl+gen+rare
ainut	ainut	adjective	-	+sg+nom
ainutta	ainut	adjective	-	+sg+par
tarvis	tarvis	noun	-	+sg+nom
tarvista	tarvis	noun	-	+sg+par
nukkien	nukke	noun	-	+pl+gen
kandee	kandee	verb	-	+pres+3sg
kandeisi	kandee	verb	-	+cond+3sg
kandennut	kandee	verb	-	+part_past
kandennut	kandee	verb	-	+past+conneg+sg

montaa	moni	pronoun	-	+sg+par
tapaamalta	tapaama	noun	-	+sg+ade
kypsi	kypsi	noun	rare	+sg+nom
kystä	kypsi	noun	rare	+sg+par
huutia	huuti	noun	-	+sg+par
kukkua	kukku	noun	-	+sg+par
kukku	kukku	noun	-	+sg+nom
kyse	kyse	noun	-	+sg+nom
kyseen	kyse	noun	-	+sg+gen
kyseessä	kyse	noun	-	+sg+ine
kyseeseen	kyse	noun	-	+sg+ill

mikälie	mikä|lie	pronoun	-	+sg+nom
minkälie	mikä|lie	pronoun	-	+sg+gen
mitälie	mikä|lie	pronoun	-	+sg+par
mihinlie	mikä|lie	pronoun	-	+sg+ill
missälie	mikä|lie	pronoun	-	+sg+ine
mistälie	mikä|lie	pronoun	-	+sg+ela
millelie	mikä|lie	pronoun	-	+sg+all
millälie	mikä|lie	pronoun	-	+sg+ade
miltälie	mikä|lie	pronoun	-	+sg+abl
miksilie	mikä|lie	pronoun	-	+sg+tra
minälie	mikä|lie	pronoun	-	+sg+ess
mitkälie	mikä|lie	pronoun	-	+pl+nom
minkälie	mikä|lie	pronoun	-	+pl+gen
mitälie	mikä|lie	pronoun	-	+pl+par
mihinlie	mikä|lie	pronoun	-	+pl+ill
missälie	mikä|lie	pronoun	-	+pl+ine
mistälie	mikä|lie	pronoun	-	+pl+ela
millelie	mikä|lie	pronoun	-	+pl+all
millälie	mikä|lie	pronoun	-	+pl+ade
miltälie	mikä|lie	pronoun	-	+pl+abl
miksilie	mikä|lie	pronoun	-	+pl+tra
minälie	mikä|lie	pronoun	-	+pl+ess

kumpainenkin	kumpainenkin	pronoun	-	+sg+nom
kumpaisettakin	kumpainenkin	pronoun	-	+sg+abe
kumpaiseltakin	kumpainenkin	pronoun	-	+sg+abl
kumpaisellakin	kumpainenkin	pronoun	-	+sg+ade
kumpaisellekin	kumpainenkin	pronoun	-	+sg+all
kumpaisestakin	kumpainenkin	pronoun	-	+sg+ela
kumpaisenakin	kumpainenkin	pronoun	-	+sg+ess
kumpaisenkin	kumpainenkin	pronoun	-	+sg+gen
kumpaiseenkin	kumpainenkin	pronoun	-	+sg+ill
kumpaisessakin	kumpainenkin	pronoun	-	+sg+ine
kumpaistakin	kumpainenkin	pronoun	-	+sg+par
kumpaiseksikin	kumpainenkin	pronoun	-	+sg+tra

kumpainenkaan	kumpainenkaan	pronoun	-	+sg+nom
kumpaisettakaan	kumpainenkaan	pronoun	-	+sg+abe
kumpaiseltakaan	kumpainenkaan	pronoun	-	+sg+abl
kumpaisellakaan	kumpainenkaan	pronoun	-	+sg+ade
kumpaisellekaan	kumpainenkaan	pronoun	-	+sg+all
kumpaisestakaan	kumpainenkaan	pronoun	-	+sg+ela
kumpaisenakaan	kumpainenkaan	pronoun	-	+sg+ess
kumpaisenkaan	kumpainenkaan	pronoun	-	+sg+gen
kumpaiseenkaan	kumpainenkaan	pronoun	-	+sg+ill
kumpaisessakaan	kumpainenkaan	pronoun	-	+sg+ine
kumpaistakaan	kumpainenkaan	pronoun	-	+sg+par
kumpaiseksikaan	kumpainenkaan	pronoun	-	+sg+tra

kulloinenkin	kulloinenkin	adjective	-	+sg+nom
kulloisettakin	kulloinenkin	adjective	-	+sg+abe
kulloiseltakin	kulloinenkin	adjective	-	+sg+abl
kulloisellakin	kulloinenkin	adjective	-	+sg+ade
kulloisellekin	kulloinenkin	adjective	-	+sg+all
kulloisestakin	kulloinenkin	adjective	-	+sg+ela
kulloisenakin	kulloinenkin	adjective	-	+sg+ess
kulloisenkin	kulloinenkin	adjective	-	+sg+gen
kulloiseenkin	kulloinenkin	adjective	-	+sg+ill
kulloisessakin	kulloinenkin	adjective	-	+sg+ine
kulloistakin	kulloinenkin	adjective	-	+sg+par
kulloiseksikin	kulloinenkin	adjective	-	+sg+tra

joltinenkin	joltinenkin	adjective	-	+sg+nom
joltisettakin	joltinenkin	adjective	-	+sg+abe
joltiseltakin	joltinenkin	adjective	-	+sg+abl
joltisellakin	joltinenkin	adjective	-	+sg+ade
joltisellekin	joltinenkin	adjective	-	+sg+all
joltisestakin	joltinenkin	adjective	-	+sg+ela
joltisenakin	joltinenkin	adjective	-	+sg+ess
joltisenkin	joltinenkin	adjective	-	+sg+gen
joltiseenkin	joltinenkin	adjective	-	+sg+ill
joltisessakin	joltinenkin	adjective	-	+sg+ine
joltistakin	joltinenkin	adjective	-	+sg+par
joltiseksikin	joltinenkin	adjective	-	+sg+tra

jommoinenkin	jommoinenkin	adjective	-	+sg+nom
jommoisettakin	jommoinenkin	adjective	-	+sg+abe
jommoiseltakin	jommoinenkin	adjective	-	+sg+abl
jommoisellakin	jommoinenkin	adjective	-	+sg+ade
jommoisellekin	jommoinenkin	adjective	-	+sg+all
jommoisestakin	jommoinenkin	adjective	-	+sg+ela
jommoisenakin	jommoinenkin	adjective	-	+sg+ess
jommoisenkin	jommoinenkin	adjective	-	+sg+gen
jommoiseenkin	jommoinenkin	adjective	-	+sg+ill
jommoisessakin	jommoinenkin	adjective	-	+sg+ine
jommoistakin	jommoinenkin	adjective	-	+sg+par
jommoiseksikin	jommoinenkin	adjective	-	+sg+tra
paras	hyvä	adjective	-	+superlative+sg+nom
parhaan	hyvä	adjective	-	+superlative+sg+gen
parasta	hyvä	adjective	-	+superlative+sg+par
parhaaseen	hyvä	adjective	-	+superlative+sg+ill
parhaiden	hyvä	adjective	-	+superlative+pl+gen
parhaitten	hyvä	adjective	-	+superlative+pl+gen
parhaita	hyvä	adjective	-	+superlative+pl+par
parhaisiin	hyvä	adjective	-	+superlative+pl+ill
parhaissa	hyvä	adjective	-	+superlative+pl+ine
parhaana	hyvä	adjective	-	+superlative+sg+ess
parhaina	hyvä	adjective	-	+superlative+pl+ess
parhaihin	hyvä	adjective	-	+superlative+pl+ill+rare
parhaalle	hyvä	adjective	-	+superlative+sg+all
parhaalla	hyvä	adjective	-	+superlative+sg+ade
parhaalta	hyvä	adjective	-	+superlative+sg+abl
parhaassa	hyvä	adjective	-	+superlative+sg+ine
parhaasta	hyvä	adjective	-	+superlative+sg+ela
parhaaksi	hyvä	adjective	-	+superlative+sg+tra
parhaatta	hyvä	adjective	-	+superlative+sg+abe
parhaat	hyvä	adjective	-	+superlative+pl+nom
parhaille	hyvä	adjective	-	+superlative+pl+all
parhailla	hyvä	adjective	-	+superlative+pl+ade
parhailta	hyvä	adjective	-	+superlative+pl+abl
parhaista	hyvä	adjective	-	+superlative+pl+ela
parhaiksi	hyvä	adjective	-	+superlative+pl+tra
parhaitta	hyvä	adjective	-	+superlative+pl+abe
parhain	hyvä	adjective	-	+superlative+pl+ins
parhaine	hyvä	adjective	-	+superlative+pl+com
Thaimaaseen	Thai|maa	proper	-	+sg+ill+nstd
isämeitä	isä|meitä	noun	-	+sg+nom
isämeidän	isä|meitä	noun	-	+sg+gen
isämeitää	isä|meitä	noun	-	+sg+par
isämeidän	isä|meidän	noun	-	+sg+nom
tuta	tuta	verb	arch	+inf1
lähtä	lähtä	verb	arch	+inf1
raketa	raketa	verb	arch	+inf1
tutaan	tuta	verb	arch	+pass+pres
lähtään	lähtä	verb	arch	+pass+pres
raketaan	raketa	verb	arch	+pass+pres
tuttu	tuta	verb	arch	+pass+part_past
lähty	lähtä	verb	arch	+pass+part_past
rakettu	raketa	verb	arch	+pass+part_past
veliseni	veliseni	noun	-	+sg+nom
kultaseni	kultaseni	noun	-	+sg+nom
eukkoseni	eukkoseni	noun	-	+sg+nom
muoriseni	muoriseni	noun	-	+sg+nom
veliseni	velinen	noun	-	+sg+nom+poss1sg
kultaseni	kultanen	noun	-	+sg+nom+poss1sg
eukkoseni	eukkonen	noun	-	+sg+nom+poss1sg
muoriseni	muorinen	noun	-	+sg+nom+poss1sg
ollos	olla	verb	-	+optat+rare
saapuos	saapua	verb	-	+optat+rare
nykyä	nyky	noun	-	+sg+par+rare

vaakita	vaakita	verb	nstd	+inf1
vaakitaan	vaakitaan	verb	nstd	+pass+pres

taita	taita	verb	arch|rare	+inf1
tainnut	taita	verb	arch|rare	+part_past
taitaan	taita	verb	arch	+pass+pres

tietä	tietä	verb	arch|rare	+inf1
tiennyt	tietä	verb	arch|rare	+part_past
tietty	tietä	verb	arch|rare	+pass+part_past
tietään	tietä	verb	arch	+pass+pres

Yhdysvaltain	Yhdys|vallat	proper-pl	-	+gen

Virrat	Virrat	proper-pl	-	+nom
Virtain	Virrat	proper-pl	-	+gen
Virtoja	Virrat	proper-pl	-	+par
Virroille	Virrat	proper-pl	-	+all
Virroilla	Virrat	proper-pl	-	+ade
Virroilta	Virrat	proper-pl	-	+abl
Virtoihin	Virrat	proper-pl	-	+ill
Virroissa	Virrat	proper-pl	-	+ine
Virroista	Virrat	proper-pl	-	+ela
Virroiksi	Virrat	proper-pl	-	+tra
Virtoina	Virrat	proper-pl	-	+ess
Virroin	Virrat	proper-pl	-	+ins
Virtoine	Virrat	proper-pl	-	+com
Virroitta	Virrat	proper-pl	-	+abe
Virtaita	Virrat	proper-pl	-	+par
Virtaille	Virrat	proper-pl	-	+all
Virtailla	Virrat	proper-pl	-	+ade
Virtailta	Virrat	proper-pl	-	+abl
Virtaihin	Virrat	proper-pl	-	+ill
Virtaissa	Virrat	proper-pl	-	+ine
Virtaista	Virrat	proper-pl	-	+ela
Virtaiksi	Virrat	proper-pl	-	+tra
Virtaina	Virrat	proper-pl	-	+ess
Virtaitta	Virrat	proper-pl	-	+abe
Kangasala	Kangas|ala	proper	-	+sg+nom
Kangasalan	Kangas|ala	proper	-	+sg+gen
Kangasalaa	Kangas|ala	proper	-	+sg+par
Kangasalle	Kangas|ala	proper	-	+sg+all
Kangasalla	Kangas|ala	proper	-	+sg+ade
Kangasalta	Kangas|ala	proper	-	+sg+abl
Kangasalaan	Kangas|ala	proper	-	+sg+ill
Kangasalassa	Kangas|ala	proper	-	+sg+ine
Kangasalasta	Kangas|ala	proper	-	+sg+ela
Kangasalaksi	Kangas|ala	proper	-	+sg+tra
Kangasalana	Kangas|ala	proper	-	+sg+ess
Kangasalat	Kangas|ala	proper	-	+pl+nom
Kangasalojen	Kangas|ala	proper	-	+pl+gen
Kangasaloja	Kangas|ala	proper	-	+pl+par
Kangasaloille	Kangas|ala	proper	-	+pl+all
Kangasaloilla	Kangas|ala	proper	-	+pl+ade
Kangasaloilta	Kangas|ala	proper	-	+pl+abl
Kangasaloihin	Kangas|ala	proper	-	+pl+ill
Kangasaloissa	Kangas|ala	proper	-	+pl+ine
Kangasaloista	Kangas|ala	proper	-	+pl+ela
Kangasaloiksi	Kangas|ala	proper	-	+pl+tra
Kangasaloina	Kangas|ala	proper	-	+pl+ess
Kangasaloin	Kangas|ala	proper	-	+pl+ins
Kangasaloine	Kangas|ala	proper	-	+pl+com
# -	Kaukas	-	proper	-	-	-	-	-	-
toi	toi	pronoun	dial|coll	+sg+nom
tolta	toi	pronoun	dial|coll	+sg+abl
tolla	toi	pronoun	dial|coll	+sg+ade
tolle	toi	pronoun	dial|coll	+sg+all
tosta	toi	pronoun	dial|coll	+sg+ela
tona	toi	pronoun	dial|coll	+sg+ess
ton	toi	pronoun	dial|coll	+sg+gen
tohon	toi	pronoun	dial|coll	+sg+ill
tossa	toi	pronoun	dial|coll	+sg+ine
tota	toi	pronoun	dial|coll	+sg+par
toksi	toi	pronoun	dial|coll	+sg+tra
noi	toi	pronoun	dial|coll	+pl+nom
#noitta	toi	pronoun	dial|coll	+pl+abe+rare
#noilta	toi	pronoun	dial|coll	+pl+abl
#noilla	toi	pronoun	dial|coll	+pl+ade
#noille	toi	pronoun	dial|coll	+pl+all
#noine	toi	pronoun	dial|coll	+pl+com
#noista	toi	pronoun	dial|coll	+pl+ela
#noina	toi	pronoun	dial|coll	+pl+ess
#noiden	toi	pronoun	dial|coll	+pl+gen
#noitten	toi	pronoun	dial|coll	+pl+gen
#noihin	toi	pronoun	dial|coll	+pl+ill
#noissa	toi	pronoun	dial|coll	+pl+ine
#noita	toi	pronoun	dial|coll	+pl+par
#noiksi	toi	pronoun	dial|coll	+pl+tra

tää	tää	pronoun	dial|coll	+sg+nom
#tältä	tää	pronoun	dial|coll	+sg+abl
#tällä	tää	pronoun	dial|coll	+sg+ade
#tälle	tää	pronoun	dial|coll	+sg+all
#tästä	tää	pronoun	dial|coll	+sg+ela
#tänä	tää	pronoun	dial|coll	+sg+ess
tän	tää	pronoun	dial|coll	+sg+gen
#tähän	tää	pronoun	dial|coll	+sg+ill
#tässä	tää	pronoun	dial|coll	+sg+ine
#tätä	tää	pronoun	dial|coll	+sg+par
#täksi	tää	pronoun	dial|coll	+sg+tra
nää	tää	pronoun	dial|coll	+pl+nom
#näittä	tää	pronoun	dial|coll	+pl+abe+rare
#näiltä	tää	pronoun	dial|coll	+pl+abl
#näillä	tää	pronoun	dial|coll	+pl+ade
#näille	tää	pronoun	dial|coll	+pl+all
#näine	tää	pronoun	dial|coll	+pl+com
#näistä	tää	pronoun	dial|coll	+pl+ela
#näinä	tää	pronoun	dial|coll	+pl+ess
#näiden	tää	pronoun	dial|coll	+pl+gen
#näitten	tää	pronoun	dial|coll	+pl+gen
#näihin	tää	pronoun	dial|coll	+pl+ill
#näissä	tää	pronoun	dial|coll	+pl+ine
#näitä	tää	pronoun	dial|coll	+pl+par
#näiksi	tää	pronoun	dial|coll	+pl+tra
verta	verta	noun	-	+sg+nom
vertaa	verta	noun	-	+sg+par
verran	verta	noun	-	+sg+gen
verran	verta	noun	-	+sg+ins
verroin	verta	noun	-	+pl+ins
vertoja	verta	noun	-	+pl+par
ne	ne	pronoun-pl	-	+nom
niiden	ne	pronoun-pl	-	+gen
niitten	ne	pronoun-pl	-	+gen
niitä	ne	pronoun-pl	-	+par
niihin	ne	pronoun-pl	-	+ill
niissä	ne	pronoun-pl	-	+ine
niistä	ne	pronoun-pl	-	+ela
niille	ne	pronoun-pl	-	+all
niillä	ne	pronoun-pl	-	+ade
niiltä	ne	pronoun-pl	-	+abl
niiksi	ne	pronoun-pl	-	+tra
niinä	ne	pronoun-pl	-	+ess
niine	ne	pronoun-pl	-	+com
niittä	ne	pronoun-pl	-	+abe+rare
nämä	nämä	pronoun-pl	-	+nom
näittä	nämä	pronoun-pl	-	+abe+rare
näiltä	nämä	pronoun-pl	-	+abl
näillä	nämä	pronoun-pl	-	+ade
näille	nämä	pronoun-pl	-	+all
näine	nämä	pronoun-pl	-	+com
näistä	nämä	pronoun-pl	-	+ela
näinä	nämä	pronoun-pl	-	+ess
näiden	nämä	pronoun-pl	-	+gen
näitten	nämä	pronoun-pl	-	+gen
näihin	nämä	pronoun-pl	-	+ill
näissä	nämä	pronoun-pl	-	+ine
näitä	nämä	pronoun-pl	-	+par
näiksi	nämä	pronoun-pl	-	+tra
nuo	nuo	pronoun-pl	-	+nom
noitta	nuo	pronoun-pl	-	+abe+rare
noilta	nuo	pronoun-pl	-	+abl
noilla	nuo	pronoun-pl	-	+ade
noille	nuo	pronoun-pl	-	+all
noine	nuo	pronoun-pl	-	+com
noista	nuo	pronoun-pl	-	+ela
noina	nuo	pronoun-pl	-	+ess
noiden	nuo	pronoun-pl	-	+gen
noitten	nuo	pronoun-pl	-	+gen
noihin	nuo	pronoun-pl	-	+ill
noissa	nuo	pronoun-pl	-	+ine
noita	nuo	pronoun-pl	-	+par
noiksi	nuo	pronoun-pl	-	+tra
mää	mää	pronoun	dial|coll	+sg+nom
mut	mää	pronoun	dial|coll	+sg+acc
mun	mää	pronoun	dial|coll	+sg+gen
mua	mää	pronoun	dial|coll	+sg+par
muhun	mää	pronoun	dial|coll	+sg+ill
mussa	mää	pronoun	dial|coll	+sg+ine
musta	mää	pronoun	dial|coll	+sg+ela
mulle	mää	pronoun	dial|coll	+sg+all
mulla	mää	pronoun	dial|coll	+sg+ade
multa	mää	pronoun	dial|coll	+sg+abl
muksi	mää	pronoun	dial|coll	+sg+tra
sää	sää	pronoun	dial|coll	+sg+nom
sut	sää	pronoun	dial|coll	+sg+acc
sun	sää	pronoun	dial|coll	+sg+gen
sua	sää	pronoun	dial|coll	+sg+par
suhun	sää	pronoun	dial|coll	+sg+ill
sussa	sää	pronoun	dial|coll	+sg+ine
susta	sää	pronoun	dial|coll	+sg+ela
sulle	sää	pronoun	dial|coll	+sg+all
sulla	sää	pronoun	dial|coll	+sg+ade
sulta	sää	pronoun	dial|coll	+sg+abl
suksi	sää	pronoun	dial|coll	+sg+tra
myö	myö	pronoun-pl	-	+nom
työ	työ	pronoun-pl	-	+nom
hyö	hyö	pronoun-pl	-	+nom

minunlaiseni	minun|laiseni	adjective	-	+sg+nom
minunlaiseni	minun|laiseni	adjective	-	+sg+gen
minunlaistani	minun|laiseni	adjective	-	+sg+par
minunlaiselleni	minun|laiseni	adjective	-	+sg+all
minunlaisellani	minun|laiseni	adjective	-	+sg+ade
minunlaiseltani	minun|laiseni	adjective	-	+sg+abl
minunlaiseeni	minun|laiseni	adjective	-	+sg+ill
minunlaisessani	minun|laiseni	adjective	-	+sg+ine
minunlaisestani	minun|laiseni	adjective	-	+sg+ela
minunlaisenani	minun|laiseni	adjective	-	+sg+ess
minunlaisekseni	minun|laiseni	adjective	-	+sg+tra
minunlaisettani	minun|laiseni	adjective	-	+sg+abe

sinunlaisesi	sinun|laisesi	adjective	-	+sg+nom
sinunlaisesi	sinun|laisesi	adjective	-	+sg+gen
sinunlaistasi	sinun|laisesi	adjective	-	+sg+par
sinunlaisellesi	sinun|laisesi	adjective	-	+sg+all
sinunlaisellasi	sinun|laisesi	adjective	-	+sg+ade
sinunlaiseltasi	sinun|laisesi	adjective	-	+sg+abl
sinunlaiseesi	sinun|laisesi	adjective	-	+sg+ill
sinunlaisessasi	sinun|laisesi	adjective	-	+sg+ine
sinunlaisestasi	sinun|laisesi	adjective	-	+sg+ela
sinunlaisenasi	sinun|laisesi	adjective	-	+sg+ess
sinunlaiseksesi	sinun|laisesi	adjective	-	+sg+tra
sinunlaisettasi	sinun|laisesi	adjective	-	+sg+abe

meidänlaisemme	meidän|laisemme	adjective	-	+sg+nom
meidänlaisemme	meidän|laisemme	adjective	-	+sg+gen
meidänlaistamme	meidän|laisemme	adjective	-	+sg+par
meidänlaisellemme	meidän|laisemme	adjective	-	+sg+all
meidänlaisellamme	meidän|laisemme	adjective	-	+sg+ade
meidänlaiseltamme	meidän|laisemme	adjective	-	+sg+abl
meidänlaiseemme	meidän|laisemme	adjective	-	+sg+ill
meidänlaisessamme	meidän|laisemme	adjective	-	+sg+ine
meidänlaisestamme	meidän|laisemme	adjective	-	+sg+ela
meidänlaisenamme	meidän|laisemme	adjective	-	+sg+ess
meidänlaiseksemme	meidän|laisemme	adjective	-	+sg+tra
meidänlaisettamme	meidän|laisemme	adjective	-	+sg+abe

teidänlaisenne	teidän|laisenne	adjective	-	+sg+nom
teidänlaisenne	teidän|laisenne	adjective	-	+sg+gen
teidänlaistanne	teidän|laisenne	adjective	-	+sg+par
teidänlaisellenne	teidän|laisenne	adjective	-	+sg+all
teidänlaisellanne	teidän|laisenne	adjective	-	+sg+ade
teidänlaiseltanne	teidän|laisenne	adjective	-	+sg+abl
teidänlaiseenne	teidän|laisenne	adjective	-	+sg+ill
teidänlaisessanne	teidän|laisenne	adjective	-	+sg+ine
teidänlaisestanne	teidän|laisenne	adjective	-	+sg+ela
teidänlaisenanne	teidän|laisenne	adjective	-	+sg+ess
teidänlaiseksenne	teidän|laisenne	adjective	-	+sg+tra
teidänlaisettanne	teidän|laisenne	adjective	-	+sg+abe

hänenlaisensa	hänen|laisensa	adjective	-	+sg+nom
hänenlaisensa	hänen|laisensa	adjective	-	+sg+gen
hänenlaistansa	hänen|laisensa	adjective	-	+sg+par
hänenlaisellensa	hänen|laisensa	adjective	-	+sg+all
hänenlaisellansa	hänen|laisensa	adjective	-	+sg+ade
hänenlaiseltansa	hänen|laisensa	adjective	-	+sg+abl
hänenlaiseensa	hänen|laisensa	adjective	-	+sg+ill
hänenlaisessansa	hänen|laisensa	adjective	-	+sg+ine
hänenlaisestansa	hänen|laisensa	adjective	-	+sg+ela
hänenlaisenansa	hänen|laisensa	adjective	-	+sg+ess
hänenlaiseksensa	hänen|laisensa	adjective	-	+sg+tra
hänenlaisettansa	hänen|laisensa	adjective	-	+sg+abe
hänenlaistaan	hänen|laisensa	adjective	-	+sg+par
hänenlaiselleen	hänen|laisensa	adjective	-	+sg+all
hänenlaisellaan	hänen|laisensa	adjective	-	+sg+ade
hänenlaiseltaan	hänen|laisensa	adjective	-	+sg+abl
hänenlaisessaan	hänen|laisensa	adjective	-	+sg+ine
hänenlaisestaan	hänen|laisensa	adjective	-	+sg+ela
hänenlaisenaan	hänen|laisensa	adjective	-	+sg+ess
hänenlaisekseen	hänen|laisensa	adjective	-	+sg+tra
hänenlaisettaan	hänen|laisensa	adjective	-	+sg+abe

heidänlaisensa	heidän|laisensa	adjective	-	+sg+nom
heidänlaisensa	heidän|laisensa	adjective	-	+sg+gen
heidänlaistansa	heidän|laisensa	adjective	-	+sg+par
heidänlaisellensa	heidän|laisensa	adjective	-	+sg+all
heidänlaisellansa	heidän|laisensa	adjective	-	+sg+ade
heidänlaiseltansa	heidän|laisensa	adjective	-	+sg+abl
heidänlaiseensa	heidän|laisensa	adjective	-	+sg+ill
heidänlaisessansa	heidän|laisensa	adjective	-	+sg+ine
heidänlaisestansa	heidän|laisensa	adjective	-	+sg+ela
heidänlaisenansa	heidän|laisensa	adjective	-	+sg+ess
heidänlaiseksensa	heidän|laisensa	adjective	-	+sg+tra
heidänlaisettansa	heidän|laisensa	adjective	-	+sg+abe
heidänlaistaan	heidän|laisensa	adjective	-	+sg+par
heidänlaiselleen	heidän|laisensa	adjective	-	+sg+all
heidänlaisellaan	heidän|laisensa	adjective	-	+sg+ade
heidänlaiseltaan	heidän|laisensa	adjective	-	+sg+abl
heidänlaisessaan	heidän|laisensa	adjective	-	+sg+ine
heidänlaisestaan	heidän|laisensa	adjective	-	+sg+ela
heidänlaisenaan	heidän|laisensa	adjective	-	+sg+ess
heidänlaisekseen	heidän|laisensa	adjective	-	+sg+tra
heidänlaisettaan	heidän|laisensa	adjective	-	+sg+abe

kaikkine	kaikki	pronoun	-	+pl+com

johonka	joka	pronoun	-	+sg+ill+dial
jolleka	joka	pronoun	-	+sg+all+dial
millekä	mikä	pronoun	-	+sg+all+dial
mihinkä	mikä	pronoun	-	+sg+ill+dial

mihinkä	mihin	adverb	-	+ka
mitenkä	miten	adverb	-	+ka
jotenka	joten	adverb	-	+ka
jolloinka	jolloin	adverb	-	+ka
milloinka	milloin	adverb	-	+ka

surku	surku	noun	-	+sg+nom
surkua	surku	noun	-	+sg+par
surkuun	surku	noun	-	+sg+ill
ihme	ihme	adjective	-	+sg+nom
ihmeen	ihme	adjective	-	+sg+gen
ihmeempi	ihme	adjective	-	+comparative+sg+gen
ihmeempää	ihme	adjective	-	+comparative+sg+par